route1,1,HUB CENTER,UNION STATION GARAGE FRANKLIN ST,GRAFTON ST + FRANKLIN ST,GRAFTON ST + CORAL ST,GRAFON ST + PENN AVE,WAVERLY ST + CORAL ST,PROVIDENCE ST + AETNA ST,PROVIDENCE ST + PATTISON ST,DORCHESTER ST + PROVIDENCE ST,DORCHESTER ST + CHAPIN ST,DORCHESTER ST + BARCLAY ST,DORCHESTER ST + MENDON ST,DORCHESTER ST + HOUGHTON ST,DORCHESTER ST + ARTHUR ST,GRAFTON ST + PLANTATION ST,MASSASOIT RD + HEYWOOD ST,HEYWOOD AND SAMOSET RD,HEYWOOD AND HOUGHTON ST,HEYWOOD ST OPP JONES ST,HEYWOOD ST AND JONES ST,HEYWOOD AND ACADEMY FIELDS,GRANITE ST AND WINTHROP ST,GRANITE ST + HOLCOMBE ST,24 HOLCOMBE ST,HOLCOMBE ST + WABASH AVE,HOLCOMBE ST + WOODFORD ST,PROVIDENCE ST + 133 PROVIDENCE ST,WORCESTER SENIOR CENTER,PROVIDENCE ST AND SHINE POOL,PROVIDENCE ST AND CURRAN TER,PROVIDENCE ST AND AMES ST,PROVIDENCE ST + ASTRID AVE,PROVIDENCE ST + DOANE ST,PROVIDENCE ST + MILLBURY ST,ROUTE 146 + WALMART,TOBIAS BOLAND AT SAMS CLUB,TOBIAS BOLAND AND BLACKSTONE RIVER ROAD,,,,,,,,,,,,,,,,,,,
route11,11,GREENWOOD ST + RT 20,GREENWOOD ST + FAIR PLAZA SHELTER,GREENWOOD ST + ARNOLD RD,GREENWOOD ST + 327 GREENWOOD ST,GREENWOOD ST + RYBERG TER,GREENWOOD ST + CONWAY ST,GREENWOOD ST + SOUTHOLD RD,SPOFFORD RD + BROUGHTON RD,UPLAND GARDEN DR + 48 UPLAND GARDEN DR,UPLAND GARDEN DR + 36 UPLAND GARDEN DR,UPLAND GARDEN DR + 22 UPLAND GARDEN DR,UPLAND GARDEN DR + 10 UPLAND GARDEN DR,UPLAND ST + 65 UPLAND ST,UPLAND ST + HARWICH ST,UPLAND ST + MALLARD RD,UPLAND ST + EMMANUEL,GREENWOOD ST + 187 GREENWOOD ST,GREENWOOD ST + FORSBERG ST,GREENWOOD ST + 127 GREENWOOD ST,GREENWOOD ST + TATMAN ST,GREENWOOD ST + KOSTA ST,GREENWOOD ST + EKMAN ST,BLACKSTONE RIVER RD + WHIPPLE ST,BLACKSTONE RIVER RD + FALMOUTH ST,BLACKSTONE RIVER RD + MCKEON RD,ROUTE 146 + WALMART,WALMART ROUTE 146 PARKING LOT,PROVIDENCE ST + MILLBURY ST,PROVIDENCE ST + DOANE ST,PROVIDENCE ST + ASTRID AVE,UPSALA ST + PROVIDENCE ST,UPSALA ST + ESTHER ST,UPSALA ST + STOCKTON ST,UPSALA ST + VERNON ST,VERNON ST + AMES ST,VERNON ST + WINDHAM ST,VERNON ST + SYME ST,VERNON ST AT SPURR,VERNON ST + SUFFIELD ST,VERNON ST + DORCHESTER ST,VERNON ST + PATTISON ST,VERNON ST + JEFFERSON ST,GREEN ST + HARDING ST,GREEN ST + HARRISON ST,GREEN ST + GODDARD ST,HUB CENTER
route12,12,HUB CENTER,GRAFTON ST + TEMPLE ST,GRAFTON ST + CORAL ST,GRAFTON ST + WAVERLY ST,GRAFTON ST + MENDON ST,GRAFTON ST + HOUGHTON ST,HAMILTON ST + DUPONT ST,HAMILTON ST + PLANTATION ST,HAMILTON ST + INGLESIDE AVE,HAMILTON ST + PILGRIM AVE,HAMILTON ST + DELMONT AVE,HAMILTON ST AT DANA,HAMILTON ST + WARNER AVE,HAMILTON ST + TRAHAN AVE,HAMILTON ST + HARRINGTON WAY,NORTH HIGH SCHOOL,HAMILTON ST + GORDON ST,HAMILTON ST + WARNER AVE,HAMILTON ST AT DANA,HAMILTON ST + DELMONT AVE,HAMILTON ST AT PURITAN,HAMILTON ST + PILGRIM AVE,HAMILTON ST + INGLESIDE AVE,GRAFTON ST + PALM ST,GRAFTON ST + FLOWER ST,GRAFTON ST + ACTON ST,GRAFTON ST + FAIRMONT AVE,GRAFTON ST + PURITAN AVE,GRAFTON ST + LAMAR AVE,GRAFTON ST + DANA AVE,GRAFTON ST + INVERNESS AVE,GRAFTON ST + CORRINE ST,GRAFTON ST + VALMOR ST,GRAFTON ST + PROGRESSIVE ST,GRAFTON ST + JENNINGS ST,GRAFTON ST + ARCADIA ST,GRAFTON ST + DALTON ST,GRAFTON ST + 1003 GRAFTON ST,GRAFTON ST + PINE HILL RD,GRAFTON ST + SUNDERLAND RD,SUNDERLAND RD + DANVERS ST,SUNDERLAND RD OPP ATLAS ST,SUNDERLAND RD + SOUTHWEST PLAZA,SOUTHWEST COMMONS NEW STOP,MARKET BASKET
route14,14,HUB CENTER,SUMMER AND ASYLUM,SUMMER AND MLK,SUMMER ST + EAST CENTRAL ST,SUMMER ST + PROSPECT ST,SUMMER ST + KENDALL ST,LINCOLN ST AT CATHERINE,LINCOLN ST AT FORESDALE,LINCOLN ST AT FORBES,LINCOLN ST AT GREENHILL,LINCOLN ST AT MCKINLEY,LINCOLN ST AT BRITTAN,BURNCOAT ST + MELVILLE ST,BURNCOAT ST + RANKIN ST,BURNCOAT ST + WAWECUS RD,BURNCOAT ST + PARKVIEW DR,BURNCOAT ST + DAVIDSON RD,BURNCOAT ST + BURNCOAT HIGH SCHOOL,BURNCOAT ST + 184 BURNCOAT ST,BURNCOAT ST + THORNDYKE RD,BURNCOAT ST + MONTEREY RD,BURNCOAT ST + COVENTRY RD,BURNCOAT ST + DEVENS RD,BURNCOAT ST + CLARK ST,BURNCOAT ST + CHATAM VILLAGE RD,BURNCOAT ST + FAIRHAVEN RD,BURNCOAT ST + QUINAPOXET LN,BURNCOAT ST + INWOOD RD,BURNCOAT ST AT ASCADILLA,QUINSIGMUND UPPER CAMPUS,QCC TRAFFIC CIRCLE,WEST BOYLSTON ST + QUINSIGMUND COMMUNITY COLLEGE,WEST BOYLSTON ST + MARLAND RD,WEST BOYLSTON ST + CLYDE RD,WEST BOYLSTON ST + VOLKMAR RD,WEST BOYLSTON ST + HASTINGS RD,WEST BOYLSTON ST + VENDORA RD,MOUNTAIN ST WEST + MALDEN ST,PULLMAN ST + PRICECHOPPER,PORTER AND CHESTER SCHOOL,BROOK ST + HIGGINS ST,BROOKS ST + PULLMAN ST,PULLMAN ST + PRICECHOPPER
route15,15,END OF LINE JULIO DRIVE,SOUTH ST + MAIN ST,MAIN ST + HOLMAN ST,MAIN ST + JOB CUSHING RD,MAIN ST AT BOYLESTON ST,MAIN ST + MAPLE ST,MAPLE ST + BRIGHTSIDE AVE,MAPLE ST + OAK ST,MAPLE ST + VAN NESS AVE,MAPLE ST + FAIRLAWN PLAZA,BOSTON TRPK + HARRINGTON AVE,LAKEWAY COMMONS INBOUND,BOSTON TRPK + WHITE CITY,BOSTON TRPK + N. QUINSIGAMOND AVE,LAKE AVE + BELMONT ST,SOUTH RD + UNIVERSITY OF MASSACHUSETTS,SHREWSBURY ST + AITCHISON ST,SHREWSBURY ST + DANIELS ST,SHREWSBURY ST + PRENTICE ST,SHREWSBURY ST + IMPERIAL ST,SHEWSBURY ST + LARAIA ST,SHREWSBURY ST + MARSHALL ST,SHREWSBURY ST + WAITE ST,SHREWSBURY ST + COLUMBO PARK,SHREWSBURY ST + EAST CENTRAL ST,SHREWSBURY ST + HILL ST,SHREWSBURY ST + LEO TUORO WAY,UNION STATION GARAGE FRANKLIN ST,HUB CENTER
route16,16,HUB CENTER,GRAFTON ST + TEMPLE ST,GRAFTON ST + CORAL ST,GRAFTON ST + WAVERLY ST,GRAFTON ST + MENDON ST,GRAFTON ST + HOUGHTON ST,HAMILTON ST + DUPONT ST,HAMILTON ST + PLANTATION ST,HAMILTON ST + INGLESIDE AVE,HAMILTON ST + PILGRIM AVE,HAMILTON ST + DELMONT AVE,HAMILTON ST + WARNER AVE,HAMILTON ST + TRAHAN AVE,HAMILTON ST + ELMIRE AVE,HAMILTON ST + ERNEST AVE,HAMILTON ST + HAROLD ST,HAMILTON ST + COMMONWEALTH AVE,HAMILTON ST + BOSTON AVE,HAMILTON ST + COBURN AVE,HAMILTON ST + PARK ROAD ENTRANCE,LAKE AVE + HAMILTON ST,LAKE AVE + LAKE PARK,LAKE AVE + ANNA ST,LAKE AVE + OTHELLO RD,LAKE AVE + LAKEVIEW ST,LAKE AVE + LINCOLN PARK TOWERS,LAKE AVE + BELMONT ST,SOUTH RD + UNIVERSITY OF MASSACHUSETTS,PLANTATION ST + NORTH RD,PLANTATION ST + WINCO ST,PLANTATION TOWERS,PLANTATION ST + NOTRE DAME,PLANTATION ST + NATURAL HISTORY RD,PLANTATION ST + 630 PLANTATION ST,NORTH LAKE AVE + 425 NORTH LAKE AVE,LINCOLN ST + HAVEN LANE,LINCOLN ST + 640 LINCOLN ST,LINCOLN ST + BOYLSTON ST,LINCOLN ST + PASADENA PKWY,LINCOLN ST + MCDONALDS OPP LINC PLAZA,LINCOLN ST + DENNY'S,TARGET LINCOLN PLAZA
route19,19,APRICOT ST AT GODDARD,MAIN ST + STEARNS ST,MAIN ST + GRANDVIEW AVE,MAIN ST + EUREKA TER,MAIN ST + HENSHAW ST,MAIN ST + BLAINE AVE,MAIN ST + CURTIS PKWY,MAIN ST + HOLLAND RD,MAIN ST + MONTAGUE ST,MAIN ST + ARBOR VITAE ST,MAIN ST + CURTIS ST,MAIN ST + ARENA PLAZA,MAIN ST + TIRRELL ST,MAIN ST + LOWELL ST,MAIN ST + FREELAND ST,MAIN ST + CRYSTAL ST,MAIN ST + WYMAN ST,MAIN ST + GARDNER ST,MAIN ST + RIPLEY ST,MAIN ST + HAMMOND ST,MAIN ST + BENEFIT ST,MAIN ST + LAGRANGE ST,MAIN ST + HERMON ST,MAIN ST + IONIC AVE,MAIN ST + DMV,MAIN ST + CITY HALL,HUB CENTER
route2,2,HUB CENTER,FRONT STREET OUTBOUND,FRONT ST + CHURCH ST,PLEASANT ST + LINDEN ST,PLEASANT ST + ASHLAND ST,PLEASANT ST + WEST ST,PLEASANT ST + FRUIT ST,PLEASANT ST + MERRICK ST,PLEASANT ST + RUSSELL ST,PLEASANT ST + BELLEVUE ST,PLEASANT ST + HUDSON ST,PLEASANT ST + PARK AVE,CHANDLER ST + ABBOTT ST,CHANDLER ST + FOLEY STADIUM,CHANDLER ST + COOLIDGE RD,CHANDLER ST + LOVELL ST,CHANDLER ST + GENEVA ST,CHANDLER ST + JUNE ST,CHANDLER ST + FISKE ST,CHANDLER ST + PERROT ST,CHANDLER ST + HADWEN RD,CHANDER ST + MAY,CHANDER ST + WORCESTER STATE UNIVERSITY,CHANDER ST + HUNTHURST CIRCLE,CHANDLER ST + MANHATTEN RD 1,CHANDLER ST + ATWATER ST,CHANDER ST + MILL ST,CHANDER ST + PLEASANT ST,PLEASANT ST + SOUTH ORLEANS ST,MOWER ST + 31 MOWER ST
route23,23,CENTURY DR + RED CROSS,CLARK ST + TEAMSTER VILLAGE,CLARK ST + TACOMA ST,CLARK ST AT HARLEY,ST. NICHOLAS AVE AT CLARK,ST. NICHOLAS AVE AT 194 ST. NICHOLAS,ST. NICHOLAS AVE AT ONTARIO,ST. NICHOLAS AVE AT SQUANTUM,ST. NICHOLAS AVE AT ONANDAGA,ST. NICHOLAS AVE AT HILDA,ST. NICHOLAS AVE AT 5 ST. NICHOLAS,COUNTRY CLUB BLVD. AT ERIE,COUNTRY CLUB BLVD. AT REC CENTER,COUNTRY CLUB BLVD. AT 111 CC BLVD,COUNTRY CLUB BLVD. AT 91 CC BLVD,COUNTRY CLUB BLVD. AT PLEASANT VALLEY,COUNTRY CLUB BLVD. AT PLAZA ENTRANCE,COUNTRY CLUB BLVD. AT LINCOLN,LINCOLN ST + DENNY'S,LINCOLN ST AT GOLDWAITHE,LINCOLN ST AT BEVERLY,LINCOLN ST AT HANOVER INS,LINCOLN ST AT ORAN,LINCOLN ST AT FROTHINGHAM,LINCOLN ST AT NORTON,LINCOLN ST AT HARLOW,LINCOLN ST AT GREENHILL,LINCOLN ST AND PERKINS ST,LINCOLN ST AT FREDERICK,LINCOLN ST AT CRESCENT,LINCOLN ST AT 290 RAMP,LINCOLN ST AT LINCOLN SQ,MAJ TAYLOR BLVD AT HIGHLAND,MAJ TAYLOR BLVD AT MCP,MAJ TAYLOR BLVD AT THOMAS ST,MAJOR TAYLOR BLVD AND MLK INBOUND,MAJOR TAYLOR BLVD AT DCU CENTER,MAJOR TAYLOR BLVD AT FOSTER ST,HUB CENTER
route24,24,HUB CENTER,FOSTER ST + MAJOR TAYLOR BLVD,FOSTER ST + WALDO ST,MAIN ST + FOSTER ST,MAIN ST + THOMAS ST,MAJ TAYLOR BLVD AT MCP,MAJ TAYLOR BLVD AT BELMONT,BELMONT ST + ROUTE 290 RAMP WEST,BELMONT ST + ROUTE 290 RAMP EAST,BELMONT ST + EDWARD ST,BELMONT ST AT ELIZABETH,HOOPER ST + KENDALL ST,HOOPER ST AT CATHERINE,GREENHILL APARTMENTS,HOOPER ST AT CATHERINE,HOOPER ST + KENDALL ST,HOOPER ST + BELMONT ST,BELMONT ST + EASTERN AVE,BELMONT ST + MERRIFIELD ST,BELMONT ST + EVERARD ST,BELMONT ST + STANTON ST,BELMONT ST + OLGA AVE,BELMONT ST + SKYLINE DR,SEABURY HEIGHTS,BELMONT ST + ADAMS ST,BELMONT ST + PRENTICE ST,BELMONT ST + MCRAE CT,HOSPITAL DR + BELMONT ST,WORCESTER STATE HOSPITAL,RESEARCH DR + INNOVATION DR,PLANTATION ST + NORTH RD,NORTH LAKE AVE + NORTH LAKE AVE,SOUTH RD + UNIVERSITY OF MASSACHUSETTS
route26,26,GREAT BROOK VALLEY POOL,TACOMA ST + CONSTITUTION AVE 2,TACOMA ST + CHINO AVE,TACOMA ST + NEW VISTA LN,TACOMA ST + 134 TACOMA ST,TACOMA ST + GREAT BROOK VALLEY AVE 2,TACOMA ST + PASADENA PKWY 1,TACOMA ST + GREAT BROOK VALLEY AVE 1,TACOMA ST + PASADENA PKWY,BOYLSTON ST + CHINO AVE,LINCOLN ST + BOYLSTON ST,LINCOLN ST + PASADENA PKWY,LINCOLN ST + MCDONALDS OPP LINC PLAZA,LINCOLN ST + DENNY'S,LINCOLN ST AT GOLDWAITHE,LINCOLN ST AT BEVERLY,LINCOLN ST AT HANOVER INS,LINCOLN ST AT ORAN,LINCOLN ST AT FROTHINGHAM,LINCOLN ST AT NORTON,LINCOLN ST AT HARLOW,LINCOLN ST AT GREENHILL,LINCOLN ST AND PERKINS ST,LINCOLN ST AT FREDERICK,LINCOLN ST AT CRESCENT,LINCOLN ST AT 290 RAMP,LINCOLN ST AT LINCOLN SQ,MAJ TAYLOR BLVD AT HIGHLAND,MAJ TAYLOR BLVD AT MCP,MAJ TAYLOR BLVD AT THOMAS ST,MAJOR TAYLOR BLVD AND MLK INBOUND,MAJOR TAYLOR BLVD AT DCU CENTER,MAJOR TAYLOR BLVD AT FOSTER ST,HUB CENTER
route27,27,AUBURN MALL,AUBURN ST + MCDONALDS,AUBURN ST + OPP BRYN MAWR AVE,OXFORD ST NORTH + AUBURN ST,OXFORD ST NORTH + ROCHDALE ST,PINEHURST AVE + OTIS ST,SOUTH LUDLOW ST + MOSS ST,SOUTH LUDLOW ST + KEEN ST,SOUTH LUDLOW ST + CLOVER ST,SOUTH LUDLOW ST + LAURIER ST,JAMES ST + 70 JAMES ST,JAMES ST + GENESEE ST,JAMES ST + AIRPORT CIRCLE,STAFFORD ST + EUREKA ST,STAFFORD ST + HENSHAW ST,STAFFORD ST + VARNUM ST,STAFFORD ST + HEARD ST,STAFFORD ST + WEBSTER SQ PLAZA,STAFFORD ST + YOUNG ST,STAFFORD ST + WEBSTER SQ,MAIN ST + CURTIS ST,MAIN ST + ARENA PLAZA,MAIN ST + HITCHCOCK RD,MAIN ST + TIRRELL ST,MAIN ST + LOWELL ST,MAIN ST + FREELAND ST,MAIN ST + CRYSTAL ST,MAIN ST + GRAND ST,MAIN ST + WYMAN ST,MAIN ST + GARDNER ST,MAIN ST + RIPLEY ST,MAIN ST + HAMMOND ST,MAIN ST + BENEFIT ST,MAIN ST + LAGRANGE ST,MAIN ST + HERMON ST,MAIN ST + IONIC AVE,MAIN ST + DMV,MAIN ST + CITY HALL,FRONT STREET INBOUND,HUB CENTER
route29,29,BIG BUNNY PLAZA,MAIN ST + SAYLES ST IB,MAIN ST (SOUTHBRIDGE) + SOUTH ST IB,CENTRAL ST + HOOK ST,CENTRAL ST + CHARLTON ST,CENTRAL ST + MORTON ST,WORCESTER RD + VINTON ST,WORCESTER RD + ENTERING CHARLTON,SOUTHBRIDGE RD + SNAKE HILL RD,SOUTHBRIDGE RD + WORCESTER RD,WORCESTER RD + CARPENTER HILL RD,WORCESTER RD + L STEVENS RD,WORCESTER RD + OLD WORCESTER RD,WORCESTER RD + RICHARDSON CORNER RD,WORCESTER RD + BAY PATH RD,SOUTHBRIDGE RD + ENTERING OXFORD,SOUTHBRIDGE RD + LEICESTER ST,SOUTHBRIDGE RD + TURNER RD,RT 20 ENTERING AUBURN,SOUTHBRIDGE ST + WEST ST,SOUTHBRIDGE ST + 711 SOUTHBRIDGE ST,SOUTHBRIDGE ST + OXFORD ST,SOUTHBRIDGE ST + 569 SOUTHBRIDGE ST,AUBURN MALL,SOUTHBRIDGE ST + AUBURN ST,SOUTHBRIDGE ST + HAMPTON ST,SOUTHBRIDGE ST + SWORD ST,SOUTHBRIDGE ST + ELMWOOD ST,SOUTHBRIDGE ST + HOPE AVE,SOUTHBRIDGE ST + 982 SOUTHBRIDGE ST,SOUTHBRIDGE ST + MALVERN RD,SOUTHBRIDGE ST + KENDIG ST,SOUTHBRIDGE ST + BOYDEN ST,SOUTHBRIDGE ST + COLLEGE ST,SOUTHBRIDGE ST + CROMPTON ST,SOUTHBRIDGE ST + CAMBRIDGE ST,SOUTHBRIDGE ST + WASHBURN ST,SOUTHBRIDGE ST + 539 SOUTHBRIDGE ST,SOUTHBRIDGE ST + 459 SOUTHBRIDGE ST,SOUTHBRIDGE ST + HAMMOND ST,SOUTHBRIDGE ST + LAFAYETTE ST,SOUTHBRIDGE ST + QUINSIGAMOND AVE,FRANCIS J MCGRATH BLVD + MYRTLE ST,HUB CENTER
route3,3,HUB CENTER,FOSTER ST + MAJOR TAYLOR BLVD,FOSTER ST + WALDO ST,CHESTNUT ST + WALNUT ST,CHESTNUT ST + BOWDOIN ST,HARVARD ST + DIX ST,HIGHLAND ST + HARVARD ST,HIGHLAND ST + DEAN ST,HIGHLAND ST + NORTH ASHLAND ST,HIGHLAND ST + SCHUSSLER RD,HIGHLAND ST + EINHORN RD,HIGHLAND ST + DOVER ST,HIGHLAND ST + PARK AVE,HIGHLAND ST + GERMAIN ST,HIGHLAND ST + HAVILAND ST,HIGHLAND ST + SUBURBAN RD,HIGHLAND ST + NEWTON SQ,JUNE ST + PLEASANT ST,JUNE ST + NEVADA ST,JUNE ST + HADWEN RD,JUNE ST + EDGEWOOD ST,JUNE ST + CHANDLER ST,CHANDLER ST + FISKE ST,CHANDLER ST AT DURANT,CHANDLER ST + PERROT ST,CHANDLER ST + HADWEN ST,CHANDLER ST + MAY,MAY ST + WSU
route30,30,HUB CENTER,FOSTER ST + MAJOR TAYLOR BLVD,MAJOR TAYLOR BLVD AT DCU OUTBOUND,MAJ TAYLOR BLVD AT THOMAS OUTBOUND,MAJ TAYLOR BLVD AT MCP,MAJ TAYLOR BLVD AT BELMONT,GROVE ST + CONCORD ST,GROVE ST + 74 GROVE ST,GROVE ST + FARADAY ST,GROVE ST + LANCASTER ST,GROVE ST + FIRE STATION,GROVE ST + CEMETERY,GROVE ST + NORTH ST,GROVE ST + BROOKFIELD ST,GROVE ST + GLENNIE ST,GOLD STAR BLVD + CHADWICK ST,GOLD STAR BLVD + MILLBROOK ST,GOLD STAR BLVD + RUTHVEN AVE,GOLD STAR BLVD + WEST BOYLSTON TER,GOLD STAR BLVD + FROSTHOLM ST,GOLD STAR BLVD + NEPONSET ST,WEST BOYLSTON ST + NEPONSET ST 1,WEST BOYLSTON ST + BARBER AVE,WEST BOYLSTON ST + BOURNE ST,WEST BOYLSTON ST + NEW BOND ST,WEST BOYLSTON ST + AIRLIE ST,WEST BOYLSTON ST + FAIRHAVEN RD,WEST BOYLSTON ST + FALES ST,WEST BOYLSTON ST + RANDALL ST,WEST BOYLSTON ST + ASSUMPTION AVE,WEST BOYLSTON ST + QUINSIGMUND COMMUNITY COLLEGE,WEST BOYLSTON ST + MARLAND RD,WEST BOYLSTON ST + CLYDE RD,WEST BOYLSTON ST + VOLKMAR RD,WEST BOYLSTON ST + HASTINGS RD,WEST BOYLSTON ST + VENDORA RD,WEST BOYLSTON ST + MALDEN ST,WEST BOYLSTON ST + REYNOLDS ST,WEST BOYLSTON ST + STOP & SHOP,WEST BOYLSTON ST + DIXFIELD RD,WEST BOYLSTON ST + COTUIT ST,WEST BOYLSTON ST + APTHROP ST,WEST BOYLSTON ST + KENNEBEC ST,WEST BOYLSTON ST + WILBUR ST,WEST BOYLSTON ST + TYSON RD,WEST BOYLSTON ST + CHAPMAN AVE,WEST BOYLSTON ST + 249 WEST BOYLSTON ST,WALMART WEST BOYLSTON
route31,31,HUB CENTER,FOSTER ST + MAJOR TAYLOR BLVD,FOSTER ST + WALDO ST,ELM ST + CHESTNUT ST,ELM ST + OPP ASHLAND ST,ELM ST + WEST ST,81 ELM ST,ELM AND RUSSEL ST,ELM ST OPP HUDSON ST,PARK AVE AND HIGHLAND ST,PARK AVE AND RUSSEL ST,PARK AVE + SALISBURY ST,PARK AVE + RUMFORD,PARK AVE + SAGAMORE ST,PARK AVE GROVE OUTBOUND,GOLD STAR BLVD + WOODBURY ST,GOLD STAR BLVD + MILLBROOK ST,GOLD STAR BLVD + RUTHVEN AVE,GOLD STAR BLVD + WEST BOYLSTON TER,GOLD STAR BLVD + FROSTHOLM ST,GOLD STAR BLVD + NEPONSET ST,WEST BOYLSTON ST + NEPONSET ST 1,WEST BOYLSTON ST + BARBER AVE,WEST BOYLSTON ST + BOURNE ST,WEST BOYLSTON ST + NEW BOND ST,WEST BOYLSTON ST + AIRLIE ST,WEST BOYLSTON ST + FAIRHAVEN RD,WEST BOYLSTON ST + FALES ST,WEST BOYLSTON ST + RANDALL ST,WEST BOYLSTON ST + ASSUMPTION AVE,WEST BOYLSTON ST + QUINSIGMUND COMMUNITY COLLEGE,WEST BOYLSTON ST + MARLAND RD,WEST BOYLSTON ST + CLYDE RD,WEST BOYLSTON ST + VOLKMAR RD,WEST BOYLSTON ST + HASTINGS RD,WEST BOYLSTON ST + VENDORA RD,MOUNTAIN ST. EAST + BURNCOAT ST,MOUNTAIN ST. EAST + QUINAPOXET LN,MOUNTAIN ST. EAST + BRIAR LN,MOUNTAIN ST. EAST + MOSQUE,CLARK ST + TEAMSTER VILLAGE,CLARK ST + TACOMA ST,TACOMA ST + CONSTITUTION AVE 2,TACOMA ST + CHINO AVE,TACOMA ST + NEW VISTA LN,TACOMA ST + 134 TACOMA ST,TACOMA ST + GREAT BROOK VALLEY AVE 2,69 TACOMA ST,TACOMA ST + EDWARD MK CHEALTH,TACOMA ST + PASADENA PKWY,BOYLSTON ST + CHINO AVE,LINCOLN ST + BOYLSTON ST,LINCOLN ST + PASADENA PKWY,LINCOLN ST + MCDONALDS OPP LINC PLAZA,LINCOLN ST + DENNY'S,TARGET LINCOLN PLAZA
route33,33,COMMON ST + BROOKFIELD COMMON,CENTRAL ST + SOUTH MAPLE,MAIN ST + ROUTE 67,MAIN ST + EAST BROOKFIELD CENTER,MAIN ST + COURT HOUSE,MAIN ST + SPENCER FAIR,MAIN ST + SPENCER CENTER,MAIN ST + SPENCER TOWN HALL,MAIN ST + DAVID PROUTY HIGH SCHOOL,MAIN ST + BOND ST,SOOJIANS DR + LEICESTER WALMART,MAIN ST + 1530 MAIN ST,MAIN ST + PINE ST,MAIN ST + LEICESTER CENTER,MAIN ST + HENSHAW ST,MAIN ST + AUBURN ST,MAIN ST + GERALD CT,MAIN ST + LEICESTER LINE,MAIN ST + GOULD HILL RD,MAIN ST + LUDLOW ST,MAIN ST + STEARNS ST,MAIN ST + GRANDVIEW AVE,MAIN ST + EUREKA TER,MAIN ST + HENSHAW ST,MAIN ST + BLAINE AVE,MAIN ST + CURTIS PKWY,MAIN ST + HOLLAND ROAD,MAIN ST + MONTAGUE ST,MAIN ST + ARBOR VITAE ST,MAIN ST + CURTIS ST,MAIN ST + ARENA PLAZA,MAIN ST + TIRRELL ST,MAIN ST + LOWELL ST,MAIN ST + FREELAND ST,MAIN ST + CRYSTAL ST,MAIN ST + GARDNER ST,MAIN ST + RIPLEY ST,MAIN ST + HAMMOND ST,MAIN ST + BENEFIT ST,MAIN ST + LAGRANGE ST,MAIN ST + HERMON ST,MAIN ST + IONIC AVE,MAIN ST + DMV,MAIN ST + CITY HALL,FRONT ST + CITY HALL,FRONT STREET INBOUND,HUB CENTER
route4,4,HUB CENTER,GREEN ST + TEMPLE ST,GREEN ST + GOLD ST,GREEN ST + MADISON ST,MILLBURY ST + LAFAYETTE ST,MILLBURY ST + ENDICOTT ST,MILLBURY ST + SEYMOUR ST,MILLBURY ST + WARD ST,MILLBURY ST + HARLEM ST,MILLBURY ST + DIAMOND ST,MILLBURY ST + PERRY AVE,MILLBURY ST + FIFTH AVE,MILLBURY ST + ESTHER ST,ROUTE 146 + WALMART,TOBIAS BOLAND AT SAMS CLUB,TOBIAS BOLAND AND BLACKSTONE RIVER ROAD,NORTH MAIN ST + DEWEY ST,NORTH MAIN ST + MARTIN ST,NORTH MAIN ST + HAMILTON ST,MAIN ST + ELM ST
route42,42,DAVIS ST + MAIN ST,EAST MAIN ST + LAKE ST,EAST MAIN ST + DAY ST,EAST MAIN ST + PARK AVE,EAST MAIN ST + PARADIS LN,WORCESTER RD + 75 WORCESTER RD,MAIN ST + HOLBROOK RD,MAIN ST + STATE ST,MAIN ST + SIGOURNE ST,,MAIN ST + FEDERAL HILL,MAIN ST + PLANTATION ROAD,SOUTHBRIDGE ST + OLD WORCESTER ROAD,SOUTHBRIDGE ST + LIECESTER ST,MAIN ST + 742 MAIN ST,SOUTHBRIDGE ST + WEST ST,SOUTHBRIDGE ST + 711 SOUTHBRIDGE ST,SOUTHBRIDGE ST + OXFORD ST,SOUTHBRIDGE ST + 569 SOUTHBRIDGE ST,AUBURN MALL,SOUTHBRIDGE ST + AUBURN ST,SOUTHBRIDGE ST + HAMPTON ST,SOUTHBRIDGE ST + SWORD ST
route5,5,BROAD MEADOW BROOK,MASSASOIT RD + BLITHEWOOD AVE 1,BLITHEWOOD AND OPP HICKORY HILL,BLITHEWOOD AND OPP OAKWOOD LANE,GRAFTON ST + BLITHEWOOD AVE,GRAFTON ST + CLARISSA ST,GRAFTON ST + MONTEFORTE ST,GRAFTON ST + SUNDERLAND RD,GRAFTON ST + PINE HILL RD,GRAFTON ST + JOLMA RD,SOUTH PLAZA STOP & SHOP,GRAFTON ST + JENNINGS ST,GRAFTON ST + BANGOR ST,GRAFTON ST + CORRINE ST,GRAFTON ST + WARNER AVE,GRAFTON ST + DANA AVE,GRAFTON ST + DELMONT AVE,GRAFTON ST + PURITAN AVE,GRAFTON ST + FAIRMONT AVE,GRAFTON ST + RUGBY ST,GRAFTON ST + PLANTATION ST,GRAFTON ST + FLOWER ST,GRAFTON ST + HALE ST,GRAFTON ST + CAROLINE ST,GRAFTON ST + ORIENT ST,GRAFTON ST + FAY ST,GRAFTON ST + MENDON ST,GRAFTON ST + PENN ST,GRAFTON ST + FRANKLIN ST,UNION STATION GARAGE FRANKLIN ST,HUB CENTER
route6,6,HUB CENTER,FRANKLIN ST + CHURCH ST,FRANKLIN ST + CITY HALL,MAIN ST + FED COURT HOUSE,SOUTHBRIDGE ST + DMV,CHANDLER ST + MAIN ST,CHANDLER ST + IRVING ST,CHANDLER ST + WELLINGTON ST,CHANDLER ST + PIEDMONT ST,CHANDLER ST + QUEEN ST,CHANDLER ST + BELLEVUE ST,CHANDLER ST + BANCROFT ST,CHANDLER ST + DEWEY ST,CHANDLER ST + ABBOTT ST,CHANDLER ST + FOLEY STADIUM,CHANDLER ST + COOLIDGE RD,CHANDLER ST + LOVELL ST,CHANDLER ST + GENEVA ST,CHANDLER ST + JUNE ST,CHANDLER ST + FISKE ST,CHANDLER ST + PERROT ST,CHANDLER ST + HADWEN ST,CHANDLER ST + MAY,CHANDLER ST + WORCESTER STATE UNIVERSITY,CHANDLER ST + HUNTHURST CIRCLE,CHANDLER ST + MANHATTEN RD 1,CHANDLER ST + ATWATER ST,CHANDLER ST + MILL ST,CHANDLER ST + PLEASANT ST,PLEASANT ST + SOUTH OLEANS ST,MOWER ST + 31 MOWER ST
route7,7,HUB CENTER,FRANKLIN ST + CITY HALL,MAIN ST AT CHATHAM,MAIN ST + FED COURT HOUSE,CHANDLER ST + MAIN ST,CHANDLER ST + IRVING ST,CHANDLER ST + WELLINGTON ST,CHANDLER ST + PIEDMONT ST,CHANDLER ST + QUEEN ST,QUEEN ST + CHANDLER ST,QUEEN ST + JAQUES AVE,KING ST + BLUFF ST,WOODLAND ST + OLD FIRE STATION,WOODLAND ST + MAY ST,MAY ST + HOLLYWOOD ST,MAY ST + FLORENCE ST,MAY ST + PARK AVE,PARK AVE + OBERLIN ST,PARK AVE + DOWNING ST,PARK AVE + MAYWOOD ST,MAYWOOD ST + BEAVER BROOK PKWY,MAYWOOD ST + LOVELL ST,LOVELL ST + COLUMBUS ST,LOVELL ST + LAKESIDE AVE,PARK AVE AT COES,COES ST + 51 COES ST,MILL ST + BALL ST,MILL ST + GATES LN,MILLS ST + PLAZA ENTRANCE,MILL ST + POND BATH HOUSE,MILL ST + BOWLING ALLEY,WILLIAMSBURG DR + MILL ST,WILLIAMSBURG DR + 26 28 WILLIAMSBURG DR,WILLIAMSBURG DR + RENTAL OFFICE,OUTLOOK DR + 57 OUTLOOK DR,WASHINGTON HEIGHTS 2
route825,825,HUB CENTER,SOUTHBRIDGE ST + DMV,SOUTHBRIDGE ST + MADISON ST,SOUTHBRIDGE ST + LAFAYETTE ST,CANTERBURY ST + HAMMOND ST 1,CANTERBURY ST + HAMMOND ST 2,CANTERBURY ST + GARDNER ST,CANTERBURY ST + GRAND ST,CANTERBURY ST + WALPOLE ST,CANTERBURY ST + SOUTH CRYSTAL ST,CANTERBURY ST + CAMBRIDGE ST,CAMBRIDGE STREET AND FREELAND,CAMBRIDGE ST + SALVATION ARMY,CMABRIDGE ST + NIXON AVE,MAIN ST + CURTIS ST,MAIN ST + ARBOR VITAE ST,MAIN ST + WAYNE ST,MAIN ST + YOUNG ST,MAIN ST + HOLLAND RD,STAFFORD ST + HEARD ST,STAFFORD ST + WEBSTER SQ PLAZA,STAFFORD ST + YOUNG ST,STAFFORD ST + WEBSTER SQ,661 PARK AVE (MEINKE),PARK AVE + MILL ST,PARK AVE + COES ST,PARK AVE + BEAVER ST,PARK AVE + SHIRLEY ST,PARK AVE + DOWNING ST,PARK AVE + OBERLIN ST,PARK AVE + PARKER,PARK AVE + CHANDLER ST,PARK AVE + TOWNSEND ST,PARK AVE AND HIGHLAND ST,PARK AVE AND RUSSEL ST,PARK AVE + SALISBURY ST,PARK AVE + RUMFORD,PARK AVE + SAGAMORE ST,PARK AVE GROVE OUTBOUND,GOLD STAR BLVD + WOODBURY ST,GOLD STAR BLVD + MILLBROOK ST,GOLD STAR BLVD + RUTHVEN AVE,GOLD STAR BLVD + WEST BOYLSTON TER,GOLD STAR BLVD + FROSTHOLM ST,NEPONSIT STREET RELIANT MEDICAL,YMCA SHORE DR.