1,BAILEY ST + ASABET LN,42.279702,-71.876512
2,BAILEY ST + AIRPORT DR,42.28014,-71.8744
3,BELMONT ST + ROUTE 290 RAMP WEST,42.27158,-71.796253
4,BELMONT ST + ROUTE 290 RAMP EAST,42.271921,-71.793653
5,BELMONT ST + EDWARD ST,42.272095,-71.791856
6,BELMONT ST AT ELIZABETH,42.272216,-71.79067
7,BELMONT ST + EASTERN AVE,42.272358,-71.789728
8,BELMONT ST + MERRIFIELD ST,42.272409,-71.788926
9,BELMONT ST + EVERARD ST,42.27262,-71.787017
10,BELMONT ST + STANTON ST,42.272656,-71.785641
11,BELMONT ST + OLGA AVE,42.272672,-71.784615
12,BELMONT ST + SKYLINE DR,42.273303,-71.781701
13,BELMONT ST + ADAMS ST,42.273478,-71.778141
14,BELMONT ST + PRENTICE ST,42.273566,-71.77528
15,BELMONT ST + MCRAE CT,42.273581,-71.774071
16,BELMONT ST + LAKE AVE,42.274046,-71.758298
25,BELMONT ST + MCRAE CT,42.273733,-71.773896
26,BELMONT ST + PRENTICE ST,42.273653,-71.775725
27,BELMONT ST + ODEN AVE,42.273581,-71.778633
28,BELMONT ST + SKYLINE DR,42.273406,-71.782083
29,BELMONT ST + OLGA AVE,42.272795,-71.784546
30,BELMONT ST + STANTON ST,42.272795,-71.78604
31,BELMONT ST + EVERARD ST,42.272716,-71.786963
32,BELMONT ST + RODNEY ST,42.272573,-71.788075
33,BELMONT ST + EASTERN AVE,42.272461,-71.789156
34,BELMONT ST + HOOPER ST,42.272303,-71.790506
35,BELMONT ST + EDWARD ST,42.272096,-71.7927
36,BELMONT ST + FOUNTAIN ST,42.271778,-71.795975
38,BLACKSTONE RIVER RD + MCKEON RD,42.234915,-71.79631
40,BLACKSTONE RIVER RD + FALMOUTH ST,42.233559,-71.795425
41,BLACKSTONE RIVER RD + WHIPPLE ST,42.232157,-71.794459
42,BLACKSTONE RIVER RD + WHIPPLE ST,42.232423,-71.794376
43,BLACKSTONE RIVER RD + FALMOUTH ST,42.233916,-71.795521
44,BLACKSTONE RIVER RD + MCKEON RD,42.234954,-71.796158
46,BOYLSTON ST + CHINO AVE,42.299648,-71.76557
47,BOYLSTON ST + CHINO AVE,42.29947,-71.76599
49,BURNCOAT ST + MELVILLE ST,42.288006,-71.790698
50,BURNCOAT ST + RANKIN ST,42.289289,-71.79051
51,BURNCOAT ST + WAWECUS RD,42.291992,-71.790521
53,BURNCOAT ST + PARKVIEW DR,42.293498,-71.790601
54,BURNCOAT ST + DAVIDSON RD,42.294253,-71.790363
55,BURNCOAT ST + BURNCOAT HIGH SCHOOL,42.29651,-71.789743
56,BURNCOAT ST + 184 BURNCOAT ST,42.298861,-71.789505
58,BURNCOAT ST + THORNDYKE RD,42.302676,-71.78949
59,BURNCOAT ST + MONTEREY RD,42.303368,-71.789521
61,BURNCOAT ST + COVENTRY RD,42.304266,-71.789458
63,BURNCOAT ST + DEVENS RD,42.305806,-71.789198
64,BURNCOAT ST + CLARK ST,42.30681,-71.789013
65,BURNCOAT ST + CHATAM VILLAGE RD,42.308004,-71.789027
66,BURNCOAT ST + FAIRHAVEN RD,42.309218,-71.789005
67,BURNCOAT ST + QUINAPOXET LN,42.31169,-71.789021
68,BURNCOAT ST + INWOOD RD,42.313079,-71.789185
69,BURNCOAT ST AT ASCADILLA,42.313824,-71.789407
84,BURNCOAT ST + ASSUMPTION AVE,42.313938,-71.789633
86,BURNCOAT ST + FALES ST,42.311736,-71.789156
87,BURNCOAT ST + FAIRHAVEN RD,42.309098,-71.789108
88,BURNCOAT ST + CHATAM VILLAGE RD,42.307953,-71.789108
89,BURNCOAT ST + DOROTHY AVE,42.306428,-71.789203
90,BURNCOAT ST + DEVENS RD,42.305713,-71.78933
93,BURNCOAT ST + MONTEREY RD,42.30305,-71.789608
94,BURNCOAT ST + THORNDYKE RD,42.30224,-71.789576
96,BURNCOAT ST + REXAME RD,42.299911,-71.789498
97,BURNCOAT ST + BURNCOAT HIGH SCHOOL,42.299061,-71.789608
98,BURNCOAT ST + RANDOLPH RD,42.296573,-71.78984
99,BURNCOAT ST + CLEARVIEW AVE,42.295978,-71.789975
101,BURNCOAT ST + FAIRHAVEN,42.29205,-71.790688
102,BURNCOAT ST + RANKIN ST,42.288546,-71.790849
103,BURNCOAT ST + 16 BURNCOAT ST,42.287741,-71.790829
114,CANTERBURY ST + HAMMOND ST 1,42.25131,-71.81052
115,CANTERBURY ST + HAMMOND ST 2,42.250012,-71.81265
116,CANTERBURY ST + GARDNER ST,42.24909,-71.81399
117,CANTERBURY ST + GRAND ST,42.24756,-71.81641
118,CANTERBURY ST + WALPOLE ST,42.24575,-71.81927
119,CANTERBURY ST + SOUTH CRYSTAL ST,42.24444,-71.82136
120,CANTERBURY ST + CAMBRIDGE ST,42.24389,-71.8222
121,CANTERBURY ST + SOUTH CRYSTAL ST,42.24419,-71.82163
122,CANTERBURY ST + WALPOLE ST,42.24565,-71.81932
123,CANTERBURY ST + GRAND ST,42.24726,-71.81678
124,CANTERBURY ST + GARDNER ST,42.24855,-71.81474
125,CANTERBURY ST + 47 CANTERBURY ST,42.24933,-71.8135
126,CANTERBURY ST + HAMMOND ST,42.25138,-71.81034
127,CHANDLER ST + MANHATTEN RD 1,42.27371,-71.849618
128,CHANDLER ST + ATWATER ST,42.274981,-71.850921
129,CHANDLER ST + MILL ST,42.276991,-71.852925
130,CHANDLER ST + PLEASANT ST,42.27808,-71.853751
131,CHANDLER ST + MAIN ST,42.259888,-71.805368
132,CHANDLER ST + IRVING ST,42.260295,-71.80691
133,CHANDLER ST + WELLINGTON ST,42.260636,-71.809373
134,CHANDLER ST + PIEDMONT ST,42.260691,-71.812028
135,CHANDLER ST + QUEEN ST,42.260675,-71.813251
136,CHANDLER ST + BELLEVUE ST,42.260611,-71.815565
137,CHANDLER ST + BANCROFT ST,42.260811,-71.817631
138,CHANDLER ST + DEWEY ST,42.261343,-71.819586
139,CHANDLER ST + ABBOTT ST,42.261775,-71.821405
140,CHANDLER ST + FOLEY STADIUM,42.262305,-71.823583
141,CHANDLER ST + COOLIDGE RD,42.262503,-71.826755
142,CHANDLER ST + LOVELL ST,42.262925,-71.829195
143,CHANDLER ST + GENEVA ST,42.263315,-71.831388
144,CHANDLER ST + JUNE ST,42.264013,-71.833525
145,CHANDLER ST + FISKE ST,42.26474,-71.83489
146,CHANDLER ST AT DURANT,42.265584,-71.836382
147,CHANDLER ST + PERROT ST,42.2662,-71.83751
149,CHANDLER ST + HADWEN RD,42.266853,-71.838618
150,CHANDLER ST + WORCESTER STATE UNIVERSITY,42.268961,-71.841207
152,CHANDLER ST + HUNTHURST CIRCLE,42.272008,-71.847361
154,CHANDLER ST + UNDERWOOD ST,42.265706,-71.836713
155,CHANDLER ST + FISKE ST,42.264753,-71.83502
156,CHANDLER ST + JUNE ST,42.263846,-71.833421
157,CHANDLER ST + GENEVA ST,42.263177,-71.831261
159,CHANDLER ST + ABBOTT ST,42.261771,-71.82182
160,CHANDLER ST + DEWEY ST,42.261351,-71.820213
161,CHANDLER ST + PLEASANT ST,42.278166,-71.853994
162,CHANDLER ST + MILL ST,42.276768,-71.852941
164,CHANDLER ST + MANHATTEN RD,42.273544,-71.849645
166,CHANDLER ST + HUNTHURST CIRCLE,42.271926,-71.847585
168,CHANDLER ST + WORCESTER STATE UNIVERSITY,42.2684,-71.841106
169,CHANDLER ST + HAMILL RD,42.266986,-71.839096
170,CHANDLER ST + COOLIDGE RD,42.262341,-71.825745
171,CHANDLER ST + MAYFIELD ST,42.262256,-71.823853
173,CHANDLER ST + KING ST,42.260459,-71.816035
174,CHANDLER ST + QUEEN ST,42.260499,-71.813802
175,CHANDLER ST + PIEDMONT ST,42.260525,-71.811891
176,CHANDLER ST + WELLINGTON ST,42.260539,-71.80973
177,CHANDLER ST + IRVING ST,42.260152,-71.807105
178,CHESTNUT ST + WALNUT ST,42.265662,-71.803958
179,CHESTNUT ST + BOWDOIN ST,42.26742,-71.80349
181,CLARK ST AT HARLEY,42.311498,-71.780016
182,TACOMA ST + CLARK ST,42.31216,-71.77517
184,CLARK ST + TACOMA ST,42.31202,-71.7757
185,CLARK ST AT HARLEY,42.31153,-71.779755
186,MILL ST + BALL ST,42.249446,-71.837816
187,COES ST + 51 COES ST,42.249731,-71.835655
189,GROVE ST + CONCORD ST,42.27394,-71.800385
194,COUNTRY CLUB BLVD. AT LINCOLN,42.29508,-71.774636
195,COUNTRY CLUB BLVD. AT HOTEL ENTRANCE,42.296145,-71.774826
196,COUNTRY CLUB BLVD. AT 52 CC BLVD,42.297566,-71.775025
197,COUNTRY CLUB BLVD. AT 126 CC BLVD,42.299291,-71.776258
198,COUNTRY CLUB BLVD. AT 132 CC BLVD,42.299935,-71.77679
199,COUNTRY CLUB BLVD. AT REC CENTER,42.301835,-71.776305
200,COUNTRY CLUB BLVD. AT ERIE,42.303026,-71.774708
201,COUNTRY CLUB BLVD. AT ERIE,42.302995,-71.774866
202,COUNTRY CLUB BLVD. AT REC CENTER,42.301898,-71.77636
203,COUNTRY CLUB BLVD. AT 111 CC BLVD,42.299895,-71.776885
204,COUNTRY CLUB BLVD. AT 91 CC BLVD,42.29926,-71.776345
205,COUNTRY CLUB BLVD. AT PLEASANT VALLEY,42.297781,-71.775335
206,COUNTRY CLUB BLVD. AT PLAZA ENTRANCE,42.296375,-71.775041
207,COUNTRY CLUB BLVD. AT LINCOLN,42.295126,-71.774986
209,DORCHESTER ST + CHAPIN ST,42.25178,-71.79054
210,DORCHESTER ST + SHANNON ST,42.25186,-71.789
211,DORCHESTER ST + RICE LN,42.25192,-71.78813
214,DORCHESTER ST + PROVIDENCE ST 2,42.2517,-71.79215
215,DORCHESTER ST + CUTLER ST,42.251982,-71.786571
217,DORCHESTER ST + ARTHUR ST,42.252148,-71.783843
218,DORCHESTER ST + ARTHUR ST,42.2522,-71.78396
219,DORCHESTER ST + HOUGHTON ST,42.25207,-71.78646
221,DORCHESTER ST + MENDON ST,42.25198,-71.78783
222,DORCHESTER ST + BARCLAY ST,42.2519,-71.78906
223,DORCHESTER ST + CHAPIN ST,42.25179,-71.79101
224,DORCHESTER ST + PROVIDENCE ST,42.25173,-71.79232
229,FIRST ST + 7 FIRST ST,42.254889,-71.847283
239,FOSTER ST + WALDO ST,42.264797,-71.800535
242,FOSTER ST + MAJOR TAYLOR BLVD,42.263406,-71.7968
243,FRANKLIN ST + CITY HALL,42.26178,-71.80149
246,FRONT ST + CITY HALL,42.26318,-71.80176
248,GODDARD DR AT 135 G DRIVE,42.253988,-71.86654
249,GODDARD DR AT UPPER PARSONS HILL,42.247618,-71.861063
250,GODDARD DR + UPPER PARSONS HILL DR,42.247428,-71.861175
251,GODDARD DR + 135 GODDARD DR,42.254255,-71.866833
253,GOLD STAR BLVD + CHADWICK ST,42.288156,-71.805138
255,GOLD STAR BLVD + MILLBROOK ST,42.2893,-71.80418
256,GOLD STAR BLVD + RUTHVEN AVE,42.29082,-71.80323
257,GOLD STAR BLVD + WEST BOYLSTON TER,42.29209,-71.8027
258,GOLD STAR BLVD + FROSTHOLM ST,42.29355,-71.80244
259,GOLD STAR BLVD + NEPONSET ST,42.29782,-71.80283
260,GRAFTON ST + CORAL ST,42.257333,-71.791563
261,GRAFTON ST + WAVERLY ST,42.25653,-71.78994
262,GRAFTON ST + MENDON ST,42.256173,-71.78797
263,GRAFTON ST + HOUGHTON ST,42.2559,-71.78601
264,GRAFTON ST + FAIRMONT AVE,42.250853,-71.779603
265,GRAFTON ST + PURITAN AVE,42.250874,-71.77743
266,GRAFTON ST + LAMAR AVE,42.250133,-71.77544
267,GRAFTON ST + DANA AVE,42.25044,-71.773523
268,GRAFTON ST + INVERNESS AVE,42.250741,-71.771998
269,GRAFTON ST + CORRINE ST,42.250504,-71.768891
271,GRAFTON ST + PROGRESSIVE ST,42.250521,-71.765038
272,GRAFTON ST + TEMPLE ST,42.25974,-71.79381
273,GRAFTON ST + ARTHUR ST,42.255328,-71.785029
274,GRAFTON ST + PALM ST,42.254726,-71.784259
275,GRAFTON ST + FLOWER ST,42.252693,-71.782837
277,GRAFTON ST + VALMOR ST,42.250676,-71.767042
278,GRAFTON ST + JENNINGS ST,42.248697,-71.762426
279,GRAFTON ST + ARCADIA ST,42.247703,-71.761411
280,GRAFTON ST + DALTON ST,42.246171,-71.759886
281,GRAFTON ST + 1003 GRAFTON ST,42.244161,-71.757318
282,GRAFTON ST + PINE HILL RD,42.243588,-71.756413
283,GRAFTON ST + SUNDERLAND RD,42.241316,-71.754196
285,GRAFTON ST + MONTEFORTE ST,42.239155,-71.753258
286,GRAFTON ST + CLARISSA ST,42.23793,-71.752754
292,GRAFTON ST + SUNDERLAND RD,42.24153,-71.754266
293,GRAFTON ST + JENNINGS ST,42.24854,-71.762023
294,GRAFTON ST + PLANTATION ST,42.25173,-71.78204
295,GRAFTON ST + HALE ST,42.254396,-71.78364
296,GRAFTON ST + CAROLINE ST,42.255231,-71.784633
297,GRAFTON ST + PENN AVE,42.25728,-71.79106
298,GRAFTON ST + FRANKLIN ST,42.25971,-71.79366
299,GRAFTON ST + CORRINE ST,42.250686,-71.76854
300,GRAFTON ST + DANA AVE,42.250526,-71.773555
301,GRAFTON ST + DELMONT AVE,42.250225,-71.775311
302,GRAFTON ST + FAIRMONT AVE,42.251051,-71.778561
303,GRAFTON ST + RUGBY ST,42.251006,-71.779714
304,GRAFTON ST + ORIENT ST,42.25602,-71.78568
305,GRAFTON ST + FAY ST,42.256202,-71.78763
309,GRAFTON ST + BLITHEWOOD AVE,42.236818,-71.751811
310,GRAFTON ST + CLARISSA ST,42.237803,-71.752486
311,GRAFTON ST + PINE HILL RD,42.243605,-71.756301
315,GRAFTON ST + BANGOR ST,42.250605,-71.764928
316,GRAFTON ST + FLOWER ST,42.252688,-71.782606
317,GRAFTON ST + WARNER AVE,42.250893,-71.772395
318,GRAFTON ST + PURITAN AVE,42.250961,-71.777104
319,GRAFTON ST + MENDON ST,42.25647,-71.78924
330,GREEN ST + TEMPLE ST,42.259301,-71.798248
332,GREEN ST + GOLD ST,42.257335,-71.798054
333,GREEN ST + MADISON ST,42.255704,-71.798152
334,GREEN ST + HARDING ST,42.255771,-71.797841
335,GREEN ST + HARRISON ST,42.256996,-71.79793
336,GREEN ST + GODDARD ST,42.258156,-71.798056
338,GREENWOOD ST + EKMAN ST,42.231166,-71.793723
339,GREENWOOD ST + KOSTA ST,42.229598,-71.793192
340,GREENWOOD ST + TATMAN ST,42.228522,-71.793036
341,GREENWOOD ST + 137 GREENWOOD ST,42.227201,-71.793058
342,GREENWOOD ST + 159 GREENWOOD ST,42.226088,-71.79371
343,GREENWOOD ST + 192 GREENWOOD ST,42.224789,-71.795098
344,GREENWOOD ST + UPLAND ST,42.223878,-71.796104
346,GREENWOOD ST + SOUTHOLD RD,42.220479,-71.796823
347,GREENWOOD ST + CONWAY ST,42.219661,-71.796814
348,GREENWOOD ST + RYBERG TER,42.218158,-71.796713
349,GREENWOOD ST + 328A GREENWOOD ST,42.215933,-71.79615
350,GREENWOOD ST + ARNOLD RD,42.215138,-71.796006
351,GREENWOOD ST + FAIR PLAZA,42.213596,-71.795943
352,GREENWOOD ST + RT 20,42.212538,-71.795768
353,GREENWOOD ST + FAIR PLAZA SHELTER,42.214056,-71.795848
354,GREENWOOD ST + ARNOLD RD,42.21513,-71.795895
356,GREENWOOD ST + 327 GREENWOOD ST,42.216958,-71.796293
357,GREENWOOD ST + RYBERG TER,42.2185,-71.796626
358,GREENWOOD ST + CONWAY ST,42.219406,-71.796612
359,GREENWOOD ST + SOUTHOLD RD,42.220645,-71.796658
362,GREENWOOD ST + 187 GREENWOOD ST,42.224454,-71.795171
363,GREENWOOD ST + FORSBERG ST,42.226046,-71.793634
364,GREENWOOD ST + 127 GREENWOOD ST,42.22713,-71.79297
365,GREENWOOD ST + TATMAN ST,42.228625,-71.792906
366,GREENWOOD ST + KOSTA ST,42.230063,-71.793098
367,GREENWOOD ST + EKMAN ST,42.231263,-71.793526
368,GROVE ST + FARADAY ST,42.275687,-71.800723
369,GROVE ST + LANCASTER ST,42.276443,-71.801251
370,GROVE ST + FIRE STATION,42.27808,-71.803088
371,GROVE ST + CEMETERY,42.279328,-71.804324
372,GROVE ST + NORTH ST,42.280718,-71.805256
373,GROVE ST + BROOKFIELD ST,42.282555,-71.80633
374,GROVE ST + GLENNIE ST,42.284016,-71.80722
375,GROVE ST + 74 GROVE ST,42.274893,-71.800528
378,GROVE ST + NORTH ST,42.280981,-71.805543
379,GROVE ST + CHADWICK ST,42.2866,-71.80729
380,GROVE ST + GLENNIE ST,42.284398,-71.807561
381,GROVE ST + BROOKFIELD ST,42.28226,-71.806275
382,GROVE ST + CEMETERY,42.279613,-71.804653
383,GROVE ST + FIRE STATION,42.277723,-71.80292
384,GROVE ST + 106 GROVE ST,42.276377,-71.801347
385,GROVE ST + FARADAY ST,42.274988,-71.800648
386,GROVE ST + CONCORD ST,42.273653,-71.800416
387,HAMILTON ST + DUPONT ST,42.255833,-71.783951
388,HAMILTON ST + PLANTATION ST,42.25593,-71.78198
389,HAMILTON ST + INGLESIDE AVE,42.25598,-71.78052
391,HAMILTON ST + PILGRIM AVE,42.256026,-71.778861
393,HAMILTON ST + DELMONT AVE,42.2562,-71.77602
394,HAMILTON ST AT DANA,42.256297,-71.774307
395,HAMILTON ST + WARNER AVE,42.256328,-71.772817
397,HAMILTON ST + TRAHAN AVE,42.257111,-71.769756
398,HAMILTON ST + ELMIRE AVE,42.257274,-71.769217
399,HAMILTON ST + ERNEST AVE,42.25781,-71.76744
401,HAMILTON ST + HAROLD ST,42.25899,-71.76535
402,HAMILTON ST + COMMONWEALTH AVE,42.259164,-71.764995
404,HAMILTON ST + BOSTON AVE,42.258877,-71.76213
406,HAMILTON ST + COBURN AVE,42.25952,-71.75916
407,HAMILTON ST + PARK ROAD ENTRANCE,42.25996,-71.75574
409,HAMILTON ST + WARNER AVE,42.256536,-71.773195
410,HAMILTON ST AT DANA,42.256486,-71.774347
411,HAMILTON ST + PILGRIM AVE,42.256235,-71.77893
412,HAMILTON ST + INGLESIDE AVE,42.25619,-71.7802
413,HAMILTON ST + PALISADES ST,42.25929,-71.76023
414,HAMILTON ST + MIDDLESEX AVE,42.2595,-71.76338
415,HAMILTON ST + RALPH AVE,42.25956,-71.76434
417,HAMILTON ST + HAROLD ST,42.25893,-71.76593
418,HAMILTON ST + ANDERSON AVE,42.25836,-71.76686
420,HAMILTON ST + HARRINGTON WAY,42.2575,-71.76915
421,HAMILTON ST + GORDON ST,42.257073,-71.770507
422,HAMILTON ST + DELMONT AVE,42.256459,-71.775608
423,HAMILTON ST AT PURITAN,42.256269,-71.77788
424,HAMILTON ST + PLANTATION ST,42.25609,-71.78228
425,HAMILTON ST + PARK ROAD ENTRANCE,42.260143,-71.754637
426,HAMILTON ST + COBURN AVE,42.25983,-71.75848
432,HARDING ST + CROMPTON PARK,42.249606,-71.801243
433,HARVARD ST + DIX ST,42.26897,-71.80241
437,LINCOLN ST + HAVEN LANE,42.297355,-71.761026
438,HIGHLAND ST + HARVARD ST,42.27148,-71.8021
439,HIGHLAND ST + DEAN ST,42.2713,-71.80448
440,HIGHLAND ST + NORTH ASHLAND ST,42.271119,-71.807175
441,HIGHLAND ST + SCHUSSLER RD,42.27095,-71.809005
442,HIGHLAND ST + EINHORN RD,42.27069,-71.81167
443,HIGHLAND ST + DOVER ST,42.27055,-71.81348
444,HIGHLAND ST + PARK AVE,42.27037,-71.81577
445,HIGHLAND ST + GERMAIN ST,42.27023,-71.81814
446,HIGHLAND ST + HAVILAND ST,42.27025,-71.81959
447,HIGHLAND ST + SUBURBAN RD,42.27004,-71.8217
448,HIGHLAND ST + NEWTON SQ,42.26991,-71.82463
449,HIGHLAND ST + HAVILAND ST,42.27009,-71.82003
450,HIGHLAND ST + GERMAIN ST,42.27018,-71.81818
451,HIGHLAND ST + NEWTON SQ,42.269842,-71.824186
453,HIGHLAND ST + SUBURBAN RD,42.27,-71.82186
455,HIGHLAND ST + PARK AVE,42.27036,-71.81532
456,HIGHLAND ST + SOMERSET ST,42.27049,-71.81361
458,HIGHLAND ST + SEVER ST,42.27067,-71.81133
459,HIGHLAND ST + WEST ST,42.270916,-71.808105
460,HIGHLAND ST + NORTH ASHLAND ST,42.27108,-71.8064
461,HIGHLAND ST + GOULDING ST,42.27123,-71.80452
467,HOOPER ST + BELMONT ST,42.272662,-71.790207
468,HOOPER ST + KENDALL ST,42.273526,-71.789903
469,HOOPER ST AT CATHERINE,42.275022,-71.789446
470,HOOPER ST + KENDALL ST,42.273378,-71.78985
471,HOOPER ST AT CATHERINE,42.274828,-71.789302
477,HOSPITAL DR + BELMONT ST,42.273963,-71.772546
478,HOSPITAL DR + BELMONT ST,42.273986,-71.772656
479,JAMES ST + 70 JAMES ST,42.23244,-71.84955
480,JAMES ST + GENESEE ST,42.23443,-71.84963
481,JAMES ST + AIRPORT CIRCLE,42.23561,-71.84982
482,JUNE ST + PLEASANT ST,42.269256,-71.826453
484,JUNE ST + NEVADA ST,42.26754,-71.82876
485,JUNE ST + HADWEN RD,42.26643,-71.83039
486,JUNE ST + EDGEWOOD ST,42.26553,-71.83167
487,JUNE ST + CHANDLER ST,42.26411,-71.83378
490,JUNE ST + MAY ST,42.26331,-71.83618
491,JUNE ST + COURTLAND ST,42.2637,-71.83488
492,JUNE ST + EDGEWOOD ST,42.26556,-71.83157
493,JUNE ST + BROWNELL ST,42.26644,-71.83029
494,JUNE ST + BERKMANS ST,42.26732,-71.82902
495,JUNE ST + COMMODORE RD,42.26833,-71.82756
497,JUNE ST + PLEASANT ST,42.26955,-71.82579
498,KING ST + JAQUES AVE,42.258871,-71.814675
499,KING ST + BLUFF ST,42.258705,-71.816335
500,LAKE AVE + BELMONT ST,42.27499,-71.75837
501,LAKE AVE + LINCOLN PARK TOWERS,42.27265,-71.75897
502,LAKE AVE + HAMILTON ST,42.26044,-71.7537
503,LAKE AVE + NONQUIT ST,42.26189,-71.7543
504,LAKE AVE + LAKE PARK,42.26197,-71.75397
505,LAKE AVE + ANNA ST,42.264151,-71.754542
506,LAKE AVE + OTHELLO RD,42.266434,-71.755256
507,LAKE AVE + LAKEVIEW ST,42.268447,-71.755694
509,LAKE AVE + WIGWAM AVE,42.27204,-71.75914
510,LAKE AVE + HAMILTON ST,42.26042,-71.75404
511,LAKE AVE + OTHELLO RD,42.26467,-71.75481
512,LAKE AVE + ANNA ST,42.266323,-71.755461
513,LAKE AVE + LAKEVIEW ST,42.26815,-71.75584
515,LANCASTER ST + DIX ST,42.26942,-71.80324
516,LINCOLN ST AT OLD LINCOLN 1,42.272263,-71.79851
518,LINCOLN ST AT OLD LINCOLN 2,42.27371,-71.797531
519,LINCOLN ST AT CATHERINE,42.276443,-71.795323
520,LINCOLN ST AT FORESDALE,42.277683,-71.794505
521,LINCOLN ST AT FORBES,42.279368,-71.793558
522,LINCOLN ST AT GREENHILL,42.281568,-71.792653
523,LINCOLN ST AT MCKINLEY,42.283118,-71.792048
525,LINCOLN ST AT BRITTAN,42.286066,-71.790793
526,LINCOLN ST AT BUCKINGHAM,42.287481,-71.78918
527,LINCOLN ST AT GORHAM,42.28842,-71.787813
528,LINCOLN ST AT WAKEFIELD,42.289381,-71.786421
529,LINCOLN ST AT HANOVER INS,42.291328,-71.782178
530,LINCOLN ST AT MARSH,42.292083,-71.780206
531,LINCOLN ST AT TRINITY,42.29295,-71.7783
532,LINCOLN ST AT DENNY'S,42.293999,-71.775838
533,LINCOLN ST + MCDONALDS,42.29525,-71.77271
534,LINCOLN ST + TYLER PRENTICE RD,42.29582,-71.7709
535,LINCOLN ST + PASADENA PKWY,42.29647,-71.76942
536,LINCOLN ST + BENSON AVE,42.29753,-71.76754
537,LINCOLN ST + BOYLSTON ST,42.29756,-71.76779
538,LINCOLN ST + PASADENA PKWY,42.29672,-71.76912
539,LINCOLN ST + MCDONALDS OPP LINC PLAZA,42.2954,-71.77262
540,LINCOLN ST + DENNY'S,42.29462,-71.77503
541,LINCOLN ST AT GOLDWAITHE,42.293111,-71.778198
542,LINCOLN ST AT BEVERLY,42.292241,-71.780111
543,LINCOLN ST AT HANOVER INS,42.291606,-71.781955
544,LINCOLN ST AT ORAN,42.289325,-71.78674
546,LINCOLN ST AT FROTHINGHAM,42.287553,-71.789283
547,LINCOLN ST AT NORTON,42.285678,-71.791118
548,LINCOLN ST AT HARLOW,42.283008,-71.792191
549,LINCOLN ST AND PERKINS ST,42.278915,-71.793868
550,LINCOLN ST AT CRESCENT,42.275918,-71.795783
551,LINCOLN ST AT 290 RAMP,42.273986,-71.797565
553,LINCOLN ST AT LINCOLN SQ,42.271896,-71.798835
554,LINCOLN ST AT GREENHILL,42.281355,-71.79286
555,LINCOLN ST AT FREDERICK,42.277675,-71.794615
556,LINDEN ST + 11 LINDEN ST,42.26472,-71.80586
557,LINDEN ST + WILLIAM ST,42.26692,-71.80462
558,LINDEN ST + CEDAR ST,42.26631,-71.80524
560,LOVELL ST + COLUMBUS ST,42.253578,-71.832774
561,LOVELL ST + LAKESIDE AVE,42.250527,-71.832163
562,LOVELL ST + LAKESIDE AVE,42.250241,-71.831848
563,LOVELL ST + SPAULDING ST,42.252481,-71.832436
565,LOVELL ST + MAYWOOD ST,42.254175,-71.832548
566,MAJ TAYLOR BLVD AT MCP,42.269815,-71.798581
567,MAJ TAYLOR BLVD AT BELMONT,42.270951,-71.79859
569,MAJ TAYLOR BLVD AT HIGHLAND,42.270848,-71.798906
570,MAJ TAYLOR BLVD AT MCP,42.2698,-71.798883
572,MAIN ST + FOSTER ST,42.265563,-71.801243
573,MAIN ST + THOMAS ST,42.268193,-71.800441
575,MAIN ST AT MILL,42.245098,-71.833271
576,MAIN ST + CURTIS ST,42.244708,-71.835516
577,MAIN ST + ARBOR VITAE ST,42.244254,-71.837398
578,MAIN ST + WAYNE ST,42.24386,-71.83888
579,MAIN ST + YOUNG ST,42.24306,-71.84119
580,MAIN ST + HOLLAND RD,42.24279,-71.84262
581,MAIN ST AT GATES LANE,42.242635,-71.844318
582,MAIN ST AT BROOKLINE,42.242333,-71.845403
584,MAIN ST AT SYLVAN,42.241757,-71.848313
585,MAIN ST AT EUREKA,42.241363,-71.849921
586,MAIN ST + GRANDVIEW AVE,42.241021,-71.852026
588,MAIN ST + ARMANDALE ST,42.240386,-71.854911
589,MAIN ST + LUDLOW ST,42.239846,-71.85631
590,MAIN ST + GOULD HILL RD,42.240441,-71.859998
592,MAIN ST + LEICESTER LINE,42.240783,-71.86359
594,MAIN ST AT CHATHAM,42.261566,-71.80327
596,MAIN ST + WELLINGTON ST,42.25807,-71.80762
597,MAIN ST + JACKSON ST,42.25677,-71.81008
599,MAIN ST + OREAD PL,42.25565,-71.81225
600,MAIN ST + MAY ST,42.2544,-71.81473
601,MAIN ST + CLAREMONT ST,42.25362,-71.81601
602,MAIN ST + NORWOOD ST,42.25246,-71.81816
603,MAIN ST + HAWTHORNE ST,42.25138,-71.82017
604,MAIN ST + GATES ST,42.24994,-71.82285
605,MAIN ST + BEAVER ST,42.24928,-71.82404
607,MAIN ST + MARBLE ST,42.24766,-71.82706
608,MAIN ST + LUCIAN ST,42.24669,-71.8288
609,MAIN ST + CAMBRIDGE ST,42.24546,-71.83141
610,MAIN ST AT HITCHCOCK,42.246163,-71.829671
611,MAIN ST + TIRRELL ST,42.24688,-71.82828
612,MAIN ST + LOWELL ST,42.24764,-71.82689
614,MAIN ST + WYMAN ST,42.25139,-71.81993
615,MAIN ST + GARDNER ST,42.25213,-71.81855
616,MAIN ST + RIPLEY ST,42.25336,-71.81625
617,MAIN ST + LAGRANGE ST,42.25635,-71.81071
619,MAIN ST + IONIC AVE,42.2588,-71.80617
621,MAIN ST + CITY HALL,42.26308,-71.80221
622,MAIN ST + LEICESTER LINE,42.240625,-71.863336
624,MAIN ST + GOULD HILL RD,42.240338,-71.86053
625,MAIN ST + LUDLOW ST,42.239726,-71.856246
627,MAIN ST + STEARNS ST,42.24068,-71.853585
628,MAIN ST + GRANDVIEW AVE,42.240966,-71.851573
629,MAIN ST + EUREKA TER,42.24134,-71.84946
630,MAIN ST + HENSHAW ST,42.241626,-71.848108
631,MAIN ST + BLAINE AVE,42.24196,-71.846638
633,MAIN ST + CURTIS PKWY,42.2425,-71.844151
635,MAIN ST + MONTAGUE ST,42.243478,-71.839725
636,MAIN ST + ARBOR VITAE ST,42.24424,-71.837285
637,MAIN ST + CURTIS ST,42.24483,-71.83436
638,MAIN ST + SUDBURY ST,42.266541,-71.801005
639,MAIN ST + MAPLE ST,42.265198,-71.801481
640,MAIN ST + ARENA PLAZA,42.245764,-71.830529
641,MAIN ST + FREELAND ST,42.24835,-71.82557
642,MAIN ST + CRYSTAL ST,42.24972,-71.82303
643,MAIN ST + HAMMOND ST,42.25429,-71.81474
644,MAIN ST + BENEFIT ST,42.25545,-71.81245
646,MAIN ST + HERMON ST,42.25772,-71.80814
647,MAIN ST + DMV,42.25986,-71.80474
648,MAIN ST + HOLLAND RD,42.242611,-71.84257
652,MASSASOIT RD + HEYWOOD ST,42.24974,-71.77958
664,MASSASOIT RD + MISCOE RD,42.235348,-71.764646
670,MASSASOIT RD + BLITHEWOOD AVE 1,42.235896,-71.76498
693,MASSASOIT RD + HEYWOOD ST,42.25002,-71.77979
695,MAY ST + HOLLYWOOD ST,42.256116,-71.819191
696,MAY ST + FLORENCE ST,42.256551,-71.820894
697,MAY ST + PARK AVE,42.256967,-71.822464
698,MAY ST + WSU,42.26686,-71.84028
700,MAY ST + UNDERWOOD ST,42.26416,-71.83786
701,MAY ST + ZENITH DR,42.2658,-71.83961
703,MAY ST + MASON ST,42.256416,-71.820683
704,MAY ST + HOLLYWOOD ST,42.256036,-71.819192
705,MAY ST + DEWEY ST,42.256773,-71.822233
715,MAYWOOD ST + BEAVER BROOK PKWY,42.253991,-71.830536
716,MAYWOOD ST + LOVELL ST,42.254413,-71.832238
717,MAYWOOD ST + BEAVER BROOK PKWY,42.25388,-71.830211
718,MILL ST + GATES LN,42.249271,-71.839406
719,MILL ST + PLAZA ENTRANCE,42.250106,-71.841465
720,MILL ST + POND BATH HOUSE,42.251456,-71.842578
721,MILL ST + BOWLING ALLEY,42.253411,-71.844485
723,MILL ST + FOURTH ST,42.256718,-71.847895
724,MILL ST AT SECOND,42.255584,-71.846908
725,MILL ST + BAY STATE SAVINGS,42.254824,-71.846171
726,MILL ST + OCOINS,42.253221,-71.844556
727,MILL ST + POND BATH HOUSE,42.251166,-71.84268
728,MILL ST + PLAZA ENTRANCE,42.250143,-71.841681
729,MILL ST + GATES LN,42.249231,-71.839596
730,MILL ST + 103 MILL ST,42.248829,-71.835769
731,MILL ST + SOUTH BUFFUM ST,42.248278,-71.834701
732,MILL ST + BALL ST,42.249295,-71.837954
733,MILLBURY ST + DIAMOND ST,42.244665,-71.802254
734,MILLBURY ST + PERRY AVE,42.242862,-71.80248
735,MILLBURY ST + FIFTH AVE,42.240918,-71.801648
736,MILLBURY ST + ESTHER ST,42.239981,-71.800686
738,MILLBURY ST + FOOTBRIDGE OVER 146,42.237811,-71.796595
739,MILLBURY ST + BURTON ST,42.238333,-71.798048
740,MILLBURY ST + ESTHER ST,42.239813,-71.800298
741,MILLBURY ST + FIFTH AVE,42.240808,-71.801426
742,MILLBURY ST + PERRY AVE,42.243033,-71.802356
743,MILLBURY ST + HARLEM ST,42.246505,-71.801005
745,MILLBURY ST + SEYMOUR ST,42.249887,-71.800709
747,MILLBURY ST + LAFAYETTE ST,42.25443,-71.798333
748,MILLBURY ST + DIAMOND ST,42.244741,-71.802118
750,MOUNTAIN ST EAST + BURNCOAT ST,42.32375,-71.79205
751,MOUNTAIN ST. EAST + MOSQUE,42.31508,-71.77286
752,MOUNTAIN ST EAST + QUINAPOXET LN,42.32034,-71.78445
753,MOUNTAIN ST WEST + MALDEN ST,42.323817,-71.79458
763,MOUNTAIN ST WEST + PULLMAN ST,42.324588,-71.797206
764,MOUNTAIN ST WEST + MALDEN ST,42.323719,-71.794576
775,MOWER ST + PLEASANT ST 2,42.27937,-71.866308
782,MOWER ST + 31 MOWER ST,42.279001,-71.854696
785,PLANTATION ST + NATURAL HISTORY RD,42.290216,-71.760312
786,NORTH LAKE AVE + NORTH LAKE AVE,42.278096,-71.75921
787,WILLIAMSBURG DR + RENTAL OFFICE,42.257416,-71.852631
788,OUTLOOK DR + 57 OUTLOOK DR,42.257941,-71.851955
789,PARK AVE + OBERLIN ST,42.25616,-71.8241
791,PARK AVE + DOWNING ST,42.25432,-71.82624
792,PARK AVE + MAYWOOD ST,42.25297,-71.82781
793,PARK AVE AT COES,42.249171,-71.832247
795,PARK AVE + SHIRLEY ST,42.25351,-71.8271
796,PARK AVE + DOWNING ST,42.255465,-71.824799
797,PARK AVE + OBERLIN ST,42.25586,-71.82437
798,PARK AVE + MAY ST,42.2569,-71.823091
808,PLANTATION ST + 630 PLANTATION ST,42.29214,-71.76025
809,PLANTATION ST + NOTRE DAME,42.28825,-71.76199
810,PLEASANT ST + COPLEY RD 1,42.26579,-71.82307
811,PLEASANT ST + COPLEY RD 2,42.266714,-71.823656
812,PLEASANT ST + LINDEN ST,42.26382,-71.80635
813,PLEASANT ST + ASHLAND ST,42.26391,-71.80763
814,PLEASANT ST + WEST ST,42.26401,-71.80915
815,PLEASANT ST + FRUIT ST,42.26409,-71.81145
816,PLEASANT ST + MERRICK ST,42.26386,-71.81403
817,PLEASANT ST + RUSSELL ST,42.26369,-71.81504
819,PLEASANT ST + HUDSON ST,42.26339,-71.81807
820,PLEASANT ST + PARK AVE,42.26363,-71.81933
821,PLEASANT ST + FEDERAL PL,42.26429,-71.82056
822,PLEASANT ST + COOLIDGE RD,42.26949,-71.8251
824,PLEASANT ST + GREENLEAF TER,42.270628,-71.827786
825,PLEASANT ST + ELMWOOD ST,42.27147,-71.82942
826,PLEASANT ST + INTERVALE RD,42.27268,-71.83061
827,PLEASANT ST + LENOX ST,42.27486,-71.83313
829,PLEASANT ST + KENILWORTH RD,42.27691,-71.83639
830,PLEASANT ST + FLAGG ST,42.27741,-71.83827
831,PLEASANT ST + GUILD RD,42.27735,-71.84007
832,PLEASANT ST + MOORE AVE,42.27749,-71.84159
833,PLEASANT ST + MORELAND ST,42.27813,-71.84376
835,PLEASANT ST + WRENTHAM RD,42.27876,-71.84646
836,PLEASANT ST + CHESTERFIELD RD,42.27834,-71.8488
838,PLEASANT ST + POMONA RD,42.27814,-71.85215
840,PLEASANT ST + BAXTER ST,42.28019,-71.86894
842,PLEASANT ST + EDWIDGE ST,42.28059,-71.8723
843,PLEASANT ST + 1341 PLEASANT ST,42.28099,-71.87484
844,PLEASANT ST + MOWER ST IB,42.279176,-71.866224
847,PLEASANT ST + KENSINGTON HEIGHTS,42.276,-71.83495
848,PLEASANT ST AT ROCKWOOD,42.280568,-71.870861
849,PLEASANT ST + PROUTY LN,42.2802,-71.86938
850,PLEASANT ST + JOPPA RD,42.279596,-71.867575
851,PLEASANT ST + MILL ST,42.27799,-71.85113
852,PLEASANT ST + COPPERFIELD RD,42.27806,-71.85019
853,PLEASANT ST + CHESTERFIELD RD,42.27838,-71.84838
854,PLEASANT ST + CARDINAL RD,42.27858,-71.8472
855,PLEASANT ST + MORELAND ST,42.278034,-71.843736
856,PLEASANT ST + MOORE AVE,42.277471,-71.842011
857,PLEASANT ST + MAY ST,42.277266,-71.839873
859,PLEASANT ST + KENILWORTH RD,42.27687,-71.836497
860,PLEASANT ST + LENOX ST,42.275056,-71.833563
861,PLEASANT ST + SAINT ELMO RD,42.27355,-71.8314
862,PLEASANT ST + HOWLAND TER,42.27141,-71.82945
864,PLEASANT ST + JUNE ST,42.269975,-71.8259
865,PLEASANT ST + COPLEY RD,42.26611,-71.82344
866,PLEASANT ST + NORMAN AVE 1,42.265076,-71.822219
868,PLEASANT ST + ABBOTT ST,42.264105,-71.820393
869,PLEASANT ST + PARK AVE,42.26352,-71.8192
870,PLEASANT ST + MASON ST,42.26334,-71.81782
871,PLEASANT ST + BELLEVUE ST,42.26342,-71.81624
872,PLEASANT ST + RUSSELL ST,42.263718,-71.814339
874,PLEASANT ST + HAWLEY ST,42.26403,-71.812
876,PLEASANT ST + OXFORD ST,42.26385,-71.80746
877,PLEASANT ST + IRVING ST,42.26376,-71.80624
878,PLEASANT ST + CHESTNUT ST,42.26364,-71.8048
880,PLEASANT ST + COOLIDGE RD,42.269238,-71.825072
881,PLEASANT ST + EDWIDGE ST,42.28043,-71.87254
882,PLEASANT ST + HAWDEN LN,42.271975,-71.83018
884,PROVIDENCE ST + DOANE ST,42.2401,-71.79173
885,PROVIDENCE ST + MILLBURY ST,42.238,-71.79221
888,PROVIDENCE ST + JEFFERSON ST,42.25341,-71.79275
889,PROVIDENCE ST + PATTISON ST,42.25231,-71.79267
894,PROVIDENCE ST + 133 PROVIDENCE ST,42.24661,-71.79193
895,PROVIDENCE ST AT ASTRID,42.240779,-71.791608
896,PROVIDENCE ST + ASTRID AVE,42.240592,-71.791413
902,PROVIDENCE ST + AETNA ST,42.25318,-71.79265
904,PROVIDENCE ST + MILLBURY ST,42.23797,-71.79208
905,PROVIDENCE ST + DOANE ST,42.2401,-71.79161
906,QUEEN ST + CHANDLER ST,42.260253,-71.81368
907,QUEEN ST + JAQUES AVE,42.259219,-71.813632
908,QUEEN ST + JAQUES AVE,42.258863,-71.81469
909,QUEEN ST + CHANDLER ST,42.260468,-71.81353
919,SHREWSBURY ST + MULBERRY ST,42.262469,-71.792622
920,SHREWSBURY ST + HILL ST,42.26345,-71.790006
921,SHREWSBURY ST + CROSS ST,42.264506,-71.788051
922,SHREWSBURY ST + FANTASIA DR,42.266628,-71.783975
923,SHREWSBURY ST + CAMASSA TER,42.267455,-71.782376
924,SHREWSBURY ST + ENVELOPE TER,42.26836,-71.780525
925,SHREWSBURY ST + PUTNAM LN,42.269298,-71.778696
926,SHREWSBURY ST + ADAMS ST,42.269886,-71.777536
927,SHREWSBURY ST + HECLA ST,42.27057,-71.776258
928,SHREWSBURY ST + PRENTICE ST,42.271221,-71.774986
929,SHREWSBURY ST + DANIELS ST,42.272651,-71.771918
930,SHREWSBURY ST + AITCHISON ST,42.273288,-71.770503
931,SHREWSBURY ST + AITCHISON ST,42.273343,-71.77083
932,SHREWSBURY ST + DANIELS ST,42.27278,-71.772021
933,SHREWSBURY ST + PRENTICE ST,42.271373,-71.774978
934,SHREWSBURY ST + IMPERIAL RD,42.270593,-71.776583
935,SHREWSBURY ST + LARAIA ST,42.269735,-71.7783
936,SHREWSBURY ST + MARSHALL ST,42.26879,-71.78012
938,SHREWSBURY ST + COLUMBO PARK,42.266365,-71.785027
939,SHREWSBURY ST + EAST CENTRAL ST,42.264364,-71.78881
940,SHREWSBURY ST + HILL ST,42.263596,-71.790286
942,SOUTH LUDLOW ST + LAURIER ST,42.23039,-71.84935
944,SOUTH LUDLOW ST + KEEN ST,42.22839,-71.84889
945,SOUTH LUDLOW ST + MOSS ST,42.22764,-71.84872
946,SOUTH LUDLOW ST + MOSS ST,42.22766,-71.84858
947,SOUTH LUDLOW ST + KEEN ST,42.22836,-71.848758
948,SOUTH LUDLOW ST + CLOVER ST,42.22956,-71.849
949,SOUTH LUDLOW ST + LAURIER ST,42.23097,-71.84933
950,SOUTHBRIDGE ST + MADISON ST,42.25812,-71.80389
951,SOUTHBRIDGE ST + LAFAYETTE ST,42.25306,-71.80754
952,SOUTHBRIDGE ST + HAMMOND ST,42.250908,-71.80896
953,SOUTHBRIDGE ST + GLADSTONE ST,42.247127,-71.810452
954,SOUTHBRIDGE ST + LEWIS ST,42.246163,-71.810391
955,SOUTHBRIDGE ST + COLTON ST,42.245146,-71.810533
956,SOUTHBRIDGE ST + CAMBRIDGE ST,42.24424,-71.810773
957,SOUTHBRIDGE ST + RIVERSIDE ST,42.24293,-71.811551
958,SOUTHBRIDGE ST + CROMPTON ST,42.241749,-71.812167
960,SOUTHBRIDGE ST + MALVERN RD,42.235416,-71.81683
961,SOUTHBRIDGE ST + MALVERN RD,42.235522,-71.816451
962,SOUTHBRIDGE ST + KENDIG ST,42.236251,-71.815732
963,SOUTHBRIDGE ST + BOYDEN ST,42.237223,-71.814856
964,SOUTHBRIDGE ST + COLLEGE ST,42.239433,-71.813346
965,SOUTHBRIDGE ST + CROMPTON ST,42.241768,-71.811996
966,SOUTHBRIDGE ST + CAMBRIDGE ST,42.244535,-71.810518
967,SOUTHBRIDGE ST + WASHBURN ST,42.246091,-71.810271
968,SOUTHBRIDGE ST + 539 SOUTHBRIDGE ST,42.247236,-71.810168
969,SOUTHBRIDGE ST + 459 SOUTHBRIDGE ST,42.250336,-71.80916
970,SOUTHBRIDGE ST + HAMMOND ST,42.251011,-71.808793
971,SOUTHBRIDGE ST + LAFAYETTE ST,42.2525,-71.80785
972,SOUTHBRIDGE ST + QUINSIGAMOND AVE,42.25368,-71.80701
975,SPOFFORD RD + BROUGHTON RD,42.220691,-71.799922
977,SPOFFORD RD + GREENWOOD ST,42.221213,-71.797175
978,ST. NICHOLAS AVE AT COUNTRY CLUB BLVD,42.303321,-71.775216
979,ST. NICHOLAS AVE AT HILDA,42.304425,-71.776821
980,ST. NICHOLAS AVE AT ONANDAGA,42.305856,-71.777886
981,ST. NICHOLAS AVE AT SQUANTUM,42.306786,-71.778593
982,ST. NICHOLAS AVE AT 191 ST. NICHOLAS,42.309393,-71.78051
983,ST. NICHOLAS AVE AT CLARK,42.310521,-71.781343
985,ST. NICHOLAS AVE AT ONTARIO,42.30816,-71.779603
986,ST. NICHOLAS AVE AT CLARK,42.310473,-71.781503
987,ST. NICHOLAS AVE AT 194 ST. NICHOLAS,42.309393,-71.7807
988,ST. NICHOLAS AVE AT ONTARIO,42.308311,-71.779881
989,ST. NICHOLAS AVE AT SQUANTUM,42.30685,-71.778776
990,ST. NICHOLAS AVE AT ONANDAGA,42.305673,-71.777895
991,ST. NICHOLAS AVE AT HILDA,42.30441,-71.776948
992,ST. NICHOLAS AVE AT 5 ST. NICHOLAS,42.303281,-71.775303
993,STAFFORD ST + WEBSTER SQ,42.24342,-71.83819
994,STAFFORD ST + YOUNG ST,42.24204,-71.84013
995,STAFFORD ST + WEBSTER SQ PLAZA,42.240887,-71.841604
996,STAFFORD ST + CURTIS PKWY,42.240567,-71.842073
997,STAFFORD ST + VARNUM ST,42.23895,-71.84472
999,STAFFORD ST + HENSHAW ST,42.23742,-71.84725
1000,STAFFORD ST + EUREKA ST,42.23664,-71.84864
1001,STAFFORD ST + GRANDVIEW AVE,42.236,-71.84973
1004,STAFFORD ST + EUREKA ST,42.23669,-71.84828
1005,STAFFORD ST + HENSHAW ST,42.23751,-71.84689
1007,STAFFORD ST + VARNUM ST,42.23885,-71.84456
1008,STAFFORD ST + HEARD ST,42.23979,-71.84296
1009,STAFFORD ST + WEBSTER SQ PLAZA,42.240758,-71.841519
1010,STAFFORD ST + YOUNG ST,42.242051,-71.839838
1011,STAFFORD ST + WEBSTER SQ,42.24334,-71.83807
1013,SUMMER ST + EAST CENTRAL ST,42.26705,-71.795593
1014,SUMMER ST + HAMPTON INN,42.267052,-71.795818
1015,SUMMER ST + PROSPECT ST,42.268256,-71.795943
1016,SUMMER ST + THOMAS ST,42.268264,-71.796056
1019,SUNNY HILL DR + BAILEY RD,42.2794,-71.8785
1020,SUNNY VIEW HEIGHTS + PLEASANT ST,42.28303,-71.88018
1021,TACOMA ST + PASADENA PKWY 1,42.304211,-71.767571
1022,TACOMA ST + PASADENA PKWY,42.3015,-71.76514
1023,TACOMA ST + GREAT BROOK VALLEY AVE 1,42.302795,-71.766289
1024,TACOMA ST + GREAT BROOK VALLEY AVE 2,42.30507,-71.76823
1025,TACOMA ST + 134 TACOMA ST,42.30621,-71.77039
1026,TACOMA ST + CONSTITUTION AVE 1,42.30625,-71.77059
1027,TACOMA ST + CHINO AVE,42.306626,-71.773523
1028,TACOMA ST + CONSTITUTION AVE 2,42.3072,-71.77451
1029,TACOMA ST + 67 TACOMA ST,42.30499,-71.76808
1030,TACOMA ST + GREAT BROOK VALLEY AVE 1,42.302558,-71.766005
1031,TACOMA ST + PASADENA PKWY 2,42.30179,-71.76505
1033,UPLAND GARDEN DR + 10 UPLAND GARDEN DR,42.223088,-71.804868
1034,UPLAND GARDEN DR + 48 UPLAND GARDEN DR,42.220564,-71.803618
1035,UPLAND GARDEN DR + 36 UPLAND GARDEN DR,42.221562,-71.803858
1036,UPLAND ST + EMMANUEL,42.223679,-71.797237
1037,UPLAND ST + MALLARD RD,42.223412,-71.799605
1038,UPLAND ST + UPLAND GARDEN DR,42.224161,-71.804614
1039,UPLAND GARDEN DR + 48 UPLAND GARDEN DR,42.220622,-71.803364
1040,UPLAND GARDEN DR + 36 UPLAND GARDEN DR,42.221551,-71.803588
1041,UPLAND GARDEN DR + 22 UPLAND GARDEN DR,42.22255,-71.804006
1042,UPLAND GARDEN DR + 10 UPLAND GARDEN DR,42.223268,-71.80478
1043,UPLAND ST + 65 UPLAND ST,42.224131,-71.802758
1044,UPLAND ST + HARWICH ST,42.223646,-71.800826
1045,UPLAND ST + EMMANUEL,42.223544,-71.797239
1046,UPLAND ST + MALLARD RD,42.223311,-71.799616
1049,UPSALA ST + ESTHER ST,42.241646,-71.793577
1050,UPSALA ST + PROVIDENCE ST,42.241236,-71.791628
1051,UPSALA ST + PROVIDENCE ST,42.241415,-71.791829
1052,UPSALA ST + ESTHER ST,42.241785,-71.793463
1053,UPSALA ST + STOCKTON ST,42.242101,-71.794872
1054,UPSALA ST + VERNON ST,42.242635,-71.797135
1056,VERNON ST + PATTISON ST,42.252507,-71.796218
1057,VERNON ST + RICHLAND ST,42.251138,-71.795317
1058,VERNON ST + SUFFIELD ST,42.250153,-71.794878
1059,VERNON ST + SEYMOUR ST,42.249128,-71.794751
1060,VERNON ST + ALPINE ST,42.248221,-71.794726
1061,VERNON ST + VIEW ST,42.24703,-71.794783
1063,VERNON ST + EUCLID AVE,42.245568,-71.795481
1064,VERNON ST + WINDHAM ST,42.244925,-71.795998
1066,VERNON ST + CARGILL AVE,42.243668,-71.796896
1067,VERNON ST + UPSALA ST,42.242706,-71.797341
1068,VERNON ST + AMES ST,42.243428,-71.796838
1069,VERNON ST + WINDHAM ST,42.244718,-71.796086
1071,VERNON ST + SYME ST,42.246283,-71.794886
1072,VERNON ST AT SPURR,42.247776,-71.794655
1075,VERNON ST + SUFFIELD ST,42.249763,-71.794735
1077,VERNON ST + PATTISON ST,42.25245,-71.796055
1078,VERNON ST + JEFFERSON ST,42.253546,-71.796848
1080,WEST BOYLSTON ST + NEPONSET ST 1,42.29899,-71.80207
1082,WEST BOYLSTON ST + BARBER AVE,42.300983,-71.800022
1083,WEST BOYLSTON ST + BOURNE ST,42.30192,-71.80017
1084,WEST BOYLSTON ST + NEW BOND ST,42.30512,-71.80049
1085,WEST BOYLSTON ST + AIRLIE ST,42.30791,-71.79905
1086,WEST BOYLSTON ST + FAIRHAVEN RD,42.30961,-71.79844
1087,WEST BOYLSTON ST + FALES ST,42.310407,-71.798191
1088,WEST BOYLSTON ST + RANDALL ST,42.31143,-71.79784
1089,WEST BOYLSTON ST + ASSUMPTION AVE,42.31289,-71.7974
1090,WEST BOYLSTON ST + QUINSIGMUND COMMUNITY COLLEGE,42.31538,-71.79663
1091,WEST BOYLSTON ST + MARLAND RD,42.31671,-71.79625
1092,WEST BOYLSTON ST + CLYDE RD,42.31829,-71.79583
1093,WEST BOYLSTON ST + VOLKMAR RD,42.32055,-71.79497
1094,WEST BOYLSTON ST + HASTINGS RD,42.32223,-71.79431
1095,WEST BOYLSTON ST + VENDORA RD,42.32326,-71.793903
1096,WEST BOYLSTON ST + MALDEN ST,42.324588,-71.793145
1097,WEST BOYLSTON ST + REYNOLDS ST,42.325343,-71.792788
1098,WEST BOYLSTON ST + STOP & SHOP,42.327138,-71.791841
1099,WEST BOYLSTON ST + DIXFIELD RD,42.328251,-71.791485
1100,WEST BOYLSTON ST + COTUIT ST,42.329793,-71.791206
1101,WEST BOYLSTON ST + APTHROP ST,42.33143,-71.790555
1102,WEST BOYLSTON ST + KENNEBEC ST,42.333235,-71.7898
1103,WEST BOYLSTON ST + WILBUR ST,42.334291,-71.789346
1104,WEST BOYLSTON ST + TYSON RD,42.335118,-71.789005
1105,WEST BOYLSTON ST + MEOLA AVE,42.335571,-71.789005
1106,WEST BOYLSTON ST + WILBUR ST,42.33453,-71.789408
1107,WEST BOYLSTON ST + KENNEBEC ST,42.333408,-71.789863
1108,WEST BOYLSTON ST + APTHROP ST,42.33148,-71.790722
1109,WEST BOYLSTON ST + COTUIT ST,42.330071,-71.79119
1110,WEST BOYLSTON ST + DIXFIELD RD,42.328256,-71.791634
1111,WEST BOYLSTON ST + STOP & SHOP,42.327201,-71.791938
1112,WEST BOYLSTON ST + REYNOLDS ST,42.325601,-71.79278
1113,WEST BOYLSTON ST + MALDEN ST,42.324723,-71.793233
1114,WEST BOYLSTON ST + VENDORA RD,42.323338,-71.794049
1115,WEST BOYLSTON ST + 829 WEST BOYLSTON ST,42.322203,-71.794499
1116,WEST BOYLSTON ST + VOLKMAN RD,42.320903,-71.795065
1117,WEST BOYLSTON ST + CLYDE RD,42.318427,-71.795983
1118,WEST BOYLSTON ST + MARLAND RD,42.316886,-71.796411
1119,WEST BOYLSTON ST + QUINSIGMUND COMMUNITY COLLEGE,42.314485,-71.79706
1120,WEST BOYLSTON ST + ASSUMPTION AVE,42.312641,-71.797651
1121,WEST BOYLSTON ST + RANDALL ST,42.311653,-71.797898
1122,WEST BOYLSTON ST + FALES ST,42.31066,-71.798251
1123,WEST BOYLSTON ST + FRANCIS ST,42.309932,-71.798485
1124,WEST BOYLSTON ST + BROOKS ST,42.308749,-71.798884
1125,WEST BOYLSTON ST + SUMMERHILL AVE,42.306858,-71.799827
1126,WEST BOYLSTON ST + NEW BOND ST,42.304691,-71.800851
1127,WEST BOYLSTON ST + ANDOVER ST,42.30296,-71.80095
1128,WEST BOYLSTON ST + BOURNE ST,42.30213,-71.80054
1129,WEST BOYLSTON ST + ERICKSON ST,42.30106,-71.80017
1130,WEST BOYLSTON ST + NEPONSET ST,42.29949,-71.80229
1131,WEST BOYLSTON ST + BOARDMAN ST,42.293482,-71.804454
1132,WEST BOYLSTON ST + HUNTINGTON AVE,42.29157,-71.80562
1133,WEST BOYLSTON ST + BARNES AVE,42.29096,-71.80607
1134,WEST BOYLSTON ST + GROVE ST,42.28872,-71.80736
1135,WILLIAMSBURG DR + MILL ST,42.25784,-71.849198
1136,WILLIAMSBURG DR + 26 28 WILLIAMSBURG DR,42.257229,-71.851054
1137,WILLIAMSBURG DR + 69 OUTLOOK DR,42.257556,-71.853238
1138,WILLIAMSBURG DR + MILL ST,42.257739,-71.849117
1139,WOODLAND ST + OLD FIRE STATION,42.257003,-71.817445
1140,WOODLAND ST + MAY ST,42.256045,-71.818187
1141,WOODLAND ST + MAY ST,42.256243,-71.817904
1142,WOODLAND ST + OLD FIRE STATION,42.257137,-71.817112
1143,WOODLAND ST + KING ST,42.2583,-71.816256
1144,WALMART ROUTE 146 PARKING LOT,42.231748,-71.789958
1145,ROUTE 146 + WALMART,42.234002,-71.790407
1146,SHOPPES + BLACKSTONE VALLEY,42.195786,-71.777092
1148,SOUTH RD + UNIVERSITY OF MASSACHUSETTS,42.275789,-71.762795
1149,SOUTH RD + UNIVERSITY OF MASSACHUSETTS,42.275788,-71.761459
1150,WORCESTER STATE HOSPITAL,42.278389,-71.769194
1151,WORCESTER AIRPORT,42.26946,-71.87023
1152,SOUTH HIGH,42.244046,-71.863284
1153,THE FAIRWAYS,42.318095,-71.778753
1155,100 CENTURY DR,42.314047,-71.769964
1156,TARGET LINCOLN PLAZA,42.292612,-71.77419
1157,STOP & SHOP LINCOLN PLAZA,42.29409,-71.77187
1167,CENTURY DR + RED CROSS,42.315718,-71.769231
1168,CLARK ST + TEAMSTER VILLAGE,42.313053,-71.773472
1169,CLARK ST + TEAMSTER VILLAGE,42.31311,-71.77309
1171,PLEASANT ST + 642 PLEASANT ST,42.26729,-71.82405
1173,PLEASANT ST + MOWER ST,42.27828,-71.85326
1174,JUNE ST + CARLISE ST,42.2646,-71.83296
1175,MILLBURY ST + GRAMMONT RD,42.237335,-71.794893
1176,MILLBURY ST + WARD ST,42.247183,-71.800559
1177,MILLBURY ST + HARLEM ST,42.246212,-71.801274
1178,MILLBURY ST + WARD ST,42.247216,-71.800657
1179,GRAFTON ST + MONTEFORTE ST,42.239368,-71.753186
1180,GRAFTON ST + JOLMA RD,42.245281,-71.75894
1181,GRAFTON ST + ACTON ST,42.251665,-71.782213
1182,MAIN ST + FED COURT HOUSE,42.26082,-71.80386
1184,OUTLOOK DR + 23 OUTLOOKM DR,42.257193,-71.850874
1185,COES POND VILLAGE,42.252386,-71.849723
1187,SPOFFORD RD + BROUGHTON RD,42.220974,-71.799507
1190,BROOKS ST + PULLMAN ST,42.320851,-71.800213
1191,PULLMAN ST + PRICECHOPPER,42.323849,-71.79787
1192,SUMMER ST + 51 SUMMER ST,42.269374,-71.796846
1194,MOUNTAIN ST. EAST + BURNCOAT ST,42.323568,-71.792244
1195,TACOMA ST + 57 TACOMA ST,42.30435,-71.76728
1196,TACOMA ST + NEW VISTA LN,42.30647,-71.7724
1197,MOUNTAIN ST EAST + MOSQUE,42.315218,-71.772852
1198,MOUNTAIN ST EAST + BRIAR LN,42.31791,-71.77556
1199,LINCOLN ST + 640 LINCOLN ST,42.29763,-71.76462
1200,NORTH LAKE AVE + 425 NORTH LAKE AVE,42.29435,-71.75882
1201,630 PLANTATION ST,42.292076,-71.76009
1202,PLANTATION TOWERS,42.286089,-71.765226
1203,PLANTATION ST + NORTH RD,42.27915,-71.76495
1204,PLANTATION ST + NORTH RD,42.27864,-71.76504
1205,PLANTATION ST + NOTRE DAME,42.28787,-71.76201
1206,NORTH LAKE AVE + 425 NORTH LAKE AVE,42.29435,-71.75876
1207,LINCOLN ST + 640 LINCOLN ST,42.2978,-71.76454
1208,GODDARD DR + COPPAGE DR,42.25872,-71.8664
1209,GODDARD DR + LOWER PARSONS HILL DR,42.24343,-71.856166
1210,GODDARD DR AT LOWER PARSONS HILL,42.243653,-71.856096
1212,GODDARD DR AT 156,42.2576,-71.866061
1213,GREENHILL APARTMENTS,42.277086,-71.788305
1214,SEABURY HEIGHTS,42.272271,-71.78155
1217,SOUTHBRIDGE ST + 982 SOUTHBRIDGE ST,42.232955,-71.81841
1219,SOUTHBRIDGE ST + DMV,42.2595,-71.80367
1223,TACOMA ST + CONSTITUTION AVE 2,42.30757,-71.77507
1224,TACOMA ST + CHINO AVE,42.30656,-71.77347
1225,TACOMA ST + NEW VISTA LN,42.30634,-71.77235
1226,MOUNTAIN ST. EAST + QUINAPOXET LN,42.320358,-71.784932
1227,MOUNTAIN ST. EAST + BRIAR LN,42.31777,-71.77575
1228,SOUTHBRIDGE ST + HOPE AVE,42.230993,-71.819245
1229,SOUTHBRIDGE ST + 982 SOUTHBRIDGE ST,42.233181,-71.818546
1230,SOUTHBRIDGE ST + HOPE AVE,42.23103,-71.819331
1232,SUMMER ST + KENDALL ST,42.273701,-71.796721
1233,JAMES ST + GENESEE ST,42.23461,-71.84981
1234,JAMES ST + 70 JAMES ST,42.23241,-71.84973
1235,LINCOLN PARK TOWERS,42.27299,-71.75833
1239,UPSALA ST + LOUISE ST,42.241961,-71.794984
1244,PLEASANT ST + BELLEVUE ST,42.26344,-71.81645
1250,SHREWSBURY ST + LEO TUORO WAY,42.262735,-71.792146
1252,WORCESTER STATE HOSPITAL,42.278416,-71.769544
1253,CHANDLER ST + ANNISQUAM ST,42.275553,-71.85167
1255,PLEASANT ST + SOUTH OLEANS ST,42.278696,-71.856257
1258,RESEARCH DR + INNOVATION DR,42.276507,-71.76767
1259,WASHINGTON HEIGHTS 2,42.257882,-71.854702
1260,PARK AVE + COES ST,42.24885,-71.83235
1261,RESEARCH DR + INNOVATION DR,42.276675,-71.767452
1263,VERNON ST + DORCHESTER ST,42.251456,-71.79537
1264,PULLMAN ST + PRICECHOPPER,42.323998,-71.797965
1265,BROOK ST + HIGGINS ST,42.319387,-71.800778
1266,SUMMER ST + KENDALL ST,42.273705,-71.796864
1268,SHREWSBURY ST + WAITE ST,42.267366,-71.782798
1269,PLANTATION ST + WINCO ST,42.28353,-71.76265
1270,PLANTATION ST + PLANTATION TOWERS,42.28372,-71.76266
3002,MAJOR TAYLOR BLVD AT DCU OUTBOUND,42.266479,-71.797902
3004,MAJ TAYLOR BLVD AT THOMAS OUTBOUND,42.268085,-71.798281
3010,PARK AVE + SALISBURY ST,42.27852,-71.80857
3011,PARK AVE + RUMFORD,42.27916,-71.80841
3013,PARK AVE GROVE OUTBOUND,42.28392,-71.80816
3044,PARK AVE + GROVE ST,42.284121,-71.808216
3046,PARK AVE + WACONAH,42.280477,-71.808592
3047,PARK AVE + SALISBURY ST,42.279573,-71.808566
3053,MAJ TAYLOR BLVD AT THOMAS ST,42.268153,-71.79851
3054,MAJOR TAYLOR BLVD AND MLK INBOUND,42.267328,-71.798352
3055,MAJOR TAYLOR BLVD AT DCU CENTER,42.266263,-71.798137
3056,MAJOR TAYLOR BLVD AT FOSTER ST,42.264228,-71.797898
3057,QUINSIGMUND UPPER CAMPUS,42.314932,-71.792828
3058,QCC TRAFFIC CIRCLE,42.314416,-71.79537
3059,SOUTHBRIDGE RD + TURNER RD,42.168273,-71.88632
3060,SOUTHBRIDGE RD + LEICESTER ST,42.167279,-71.894646
3061,SOUTHBRIDGE RD + ENTERING CHARLTON,42.154858,-71.909605
3062,WORCESTER RD + OXBOW RD,42.150303,-71.925468
3063,WORCESTER RD + CARROLL HILL RD,42.147387,-71.941013
3064,WORCESTER RD + NORTHSIDE RD,42.144375,-71.963185
3069,WORCESTER RD + STAFFORD ST,42.145218,-71.990477
3070,SOUTHBRIDGE RD + WORCESTER RD,42.14374,-71.99488
3071,SOUTHBRIDGE RD + BERRY CORNER RD,42.126303,-72.005942
3072,SOUTHBRIDGE RD + ENTERING SOUTHBRIDGE,42.101635,-72.017783
3073,WORCESTER RD + VINTON ST,42.090603,-72.022805
3074,MECHANIC ST + RANDOLPH ST,42.08144,-72.027908
3075,MECHANIC ST + CHARLTON ST,42.078818,-72.027335
3076,MECHANIC ST + OPTICAL DR,42.07606,-72.026763
3077,MECHANIC ST + CRYSTAL ST,42.073723,-72.026422
3078,MAIN ST + MAPLE ST,42.073335,-72.028638
3079,DOWNTOWN SOUTHBRIDGE,42.074955,-72.033392
3081,CENTRAL ST + HOOK ST,42.077035,-72.032178
3082,CENTRAL ST + CHARLTON ST,42.078738,-72.030125
3083,CENTRAL ST + MORTON ST,42.080312,-72.028957
3084,WORCESTER RD + VINTON ST,42.090675,-72.022678
3085,WORCESTER RD + ENTERING CHARLTON,42.101753,-72.017648
3086,SOUTHBRIDGE RD + SNAKE HILL RD,42.126763,-72.005592
3087,SOUTHBRIDGE RD + WORCESTER RD,42.143715,-71.994657
3088,WORCESTER RD + CARPENTER HILL RD,42.145043,-71.990603
3093,WORCESTER RD + L STEVENS RD,42.144208,-71.963202
3094,WORCESTER RD + OLD WORCESTER RD,42.147102,-71.940075
3095,WORCESTER RD + RICHARDSON CORNER RD,42.150208,-71.92507
3096,WORCESTER RD + BAY PATH RD,42.154158,-71.914222
3097,SOUTHBRIDGE RD + ENTERING OXFORD,42.154873,-71.909272
3098,SOUTHBRIDGE RD + LEICESTER ST,42.167137,-71.894593
3099,SOUTHBRIDGE RD + TURNER RD,42.168423,-71.885485
3100,RT 20 ENTERING AUBURN,42.17347,-71.878675
3101,FRANCIS J MCGRATH BLVD + MYRTLE ST,42.25857,-71.800577
3102,WAVERLY ST AND CORAL ST OUT,42.25648,-71.79158
3103,FRANKLIN ST + CHURCH ST,42.26111,-71.79987
3104,MYRTLE STREET (LIBRARY),42.259068,-71.801659
3107,APRICOT ST AT GODDARD,42.241633,-71.853543
3130,HUB CENTER,42.260898,-71.796662
3133,FRONT STREET INBOUND,42.262402,-71.79979
3134,FRONT STREET OUTBOUND,42.26209,-71.7985
3144,CHANDLER ST + MAY,42.267323,-71.839473
3149,FRONT ST + CHURCH ST,42.262759,-71.800287
3153,HIGHLAND ST + LANCASTER ST,42.27133,-71.80347
3159,PLEASANT ST + BRANTWOOD RD,42.27871,-71.84499
3160,PLEASANT ST + MAPLELEAF RD,42.278434,-71.855065
3161,PLEASANT ST + BRANTWOOD RD INBOUND,42.2788,-71.84562
3162,PLEASANT ST + PIEDMONT ST,42.263951,-71.812788
3163,PLEASANT ST + MAIN ST,42.2635,-71.80275
3350,ELM ST + OPP ASHLAND ST,42.2653,-71.80641
3351,ELM ST + WEST ST,42.26553,-71.80887
3352,81 ELM ST,42.26572,-71.81094
3490,SOUTH PLAZA STOP & SHOP,42.247021,-71.758556
3500,PORTER AND CHESTER SCHOOL,42.317951,-71.800441
3501,MARKET PLACE EOL,42.275925,-71.73854
3502,COPPAGE DR EOL,42.261624,-71.870196
3503,GREAT BROOK VALLEY POOL,42.310645,-71.775667
3521,SOUTHWEST COMMONS NEW STOP,42.240275,-71.747265
3522,END OF LINE JULIO DRIVE,42.291201,-71.70219
3523,EAST BROOKFIELD COURTHOUSE CUMBERLAND FARMS,42.232133,-72.029416
3525,SUMMER AND ASYLUM,42.263843,-71.794966
3526,SUMMER AND MLK,42.266038,-71.795384
3527,SUMMER AND MLK IN,42.26597,-71.795605
3528,SUMMER AND BRIDGE STREET,42.26364,-71.795054
3530,UNION STATION GARAGE FRANKLIN ST,42.26021,-71.79519
3531,TOBIAS BOLAND AT SAMS CLUB,42.23056,-71.787
3532,TOBIAS BOLAND AND BLACKSTONE RIVER ROAD,42.22809,-71.78686
3533,TOBIAS BOLAND AND BLACKSTONE RIVER ROAD,42.228167,-71.786778
3534,BLACKSTONE RIVER ROAD & IMPERIAL DIST,42.228756,-71.789233
3535,BLACKSTONE RIVER ROAD & IMPERIAL DIST OUTBOUND,42.228814,-71.789086
3536,LINCOLN STREET NATL GUARD ARMORY,42.2971,-71.7603
3537,PROVIDENCE ST AND CURRAN TER,42.24263,-71.79105
3538,PROVIDENCE ST AND SHINE POOL,42.2441,-71.79138
3539,PROVIDENCE ST AND AMES ST,42.2421,-71.79119
3540,PROVIDENCE ST AND SHINE POOL,42.24417,-71.7915
3542,HEYWOOD ST AND JONES ST,42.24841,-71.78805
3543,HEYWOOD AND HOUGHTON ST,42.2479,-71.78449
3544,HEYWOOD AND SAMOSET RD,42.24939,-71.78018
3545,HEYWOOD ST OPP. SAMOSET RD.,42.24948,-71.78028
3546,HEYWOOD ST OPP HOUGHTON ST,42.24814,-71.78357
3547,HEYWOOD ST OPP JONES ST,42.24858,-71.78751
3548,HEYWOOD AND ACADEMY FIELDS,42.24821,-71.79008
3553,ELM AND RUSSEL ST,42.26618,-71.81568
3554,ELM AND PARK AVE,42.266288,-71.817711
3555,ELM AND RUSSEL ST,42.266102,-71.815651
3556,ELM AND FRUIT ST,42.26562,-71.811124
3557,ELM AND WEST ST,42.26553,-71.80942
3558,48 ELM ST,42.265215,-71.806144
3559,PARK AVE AND HIGHLAND ST,42.27023,-71.81638
3560,PARK AVE AND RUSSEL ST,42.272238,-71.814499
3561,PARK AVE OPP RUSSEL ST,42.272274,-71.814619
3567,N MAIN AND CANAL ST OB MILLBURY,42.193459,-71.761312
3568,CANAL ST AND HOWE AVE OB MILLBURY,42.193466,-71.759176
3570,ELM AND N MAIN ST IB MILLBURY,42.1915,-71.759518
3571,CANAL AND ELM ST IB MILLBURY,42.193107,-71.757635
3572,CANAL ST AND HOWE AVE IB MILLBURY,42.193431,-71.759056
3573,N MAIN AND CANAL ST IB MILLBURY,42.193596,-71.761189
3582,LAKEWAY COMMONS OUTBOUND,42.276265,-71.74729
3583,LAKEWAY COMMONS INBOUND,42.27633,-71.747222
3584,BLITHEWOOD AND GRAFTON,42.236482,-71.752168
3585,BLITHEWOOD AND OAKWOOD,42.235608,-71.756218
3586,BLITHEWOOD AND HICKORY HILL,42.236008,-71.761249
3587,BLITHEWOOD AND OPP HICKORY HILL,42.235855,-71.761341
3588,BLITHEWOOD AND OPP OAKWOOD LANE,42.235496,-71.756385
3597,GRANITE ST AND WINTHROP ST,42.24766,-71.79024
3598,GRANITE ST AND OPP WABASH AVE,42.24749,-71.79003
3603,NORTH HIGH SCHOOL,42.261846,-71.767047
3604,NEPONSIT STREET RELIANT MEDICAL,42.298239,-71.802093
3606,PARK AVE + OPP TOWNSEND ST,42.26475,-71.81913
3607,PARK AVE + CHANDLER,42.26123,-71.82089
3608,PARK AVE + PARKER ST,42.25886,-71.82214
3609,PARK AVE + BEAVER BROOK PKWY,42.25019,-71.83106
3610,PARK AVE + MILL ST,42.24705,-71.83404
3611,666 PARK AVE,42.24532,-71.83576
3612,PARK AVE + TOWNSEND ST,42.26481,-71.81899
3613,PARK AVE + CHANDLER ST,42.26123,-71.82076
3614,PARK AVE + PARKER,42.25904,-71.82192
3615,PARK AVE + BEAVER ST,42.24983,-71.83136
3616,PARK AVE + MILL ST,42.24688,-71.83397
3617,661 PARK AVE (MEINKE),42.24508,-71.8359
3618,CAMBRIDGE + WEBSTER SQ,42.24479,-71.83102
3619,CAMBRIDGE STREET AT PRICE CHOPPER,42.24406,-71.82898
3620,CAMBRIDGE ST + EXETER ST,42.24355,-71.82505
3621,CAMBRIDGE STREET AND FREELAND,42.2437,-71.82459
3622,CAMBRIDGE ST + SALVATION ARMY,42.24401,-71.82838
3623,CMABRIDGE ST + NIXON AVE,42.24474,-71.83071
3624,BLYTHEWOOD ST AT BLYETHWOOD TERR,42.236243,-71.764516
3625,BROAD MEADOW BROOK,42.232915,-71.764187
3626,BIG BUNNY PLAZA,42.082388,-72.047346
3627,MAIN ST + PINE ST OB,42.077858,-72.038543
3628,MAIN ST (SOUTHBRIDGE) + HAMILTON ST OB,42.080614,-72.044029
3629,MAIN ST + SAYLES ST IB,42.080475,-72.043078
3630,MAIN ST (SOUTHBRIDGE) + SOUTH ST IB,42.077757,-72.038547
3631,WORCESTER SENIOR CENTER,42.24786,-71.79299
3633,SUNDERLAND RD + DANVERS ST,42.241383,-71.752891
3634,SUNDERLAND RD OPP ATLAS ST,42.24111,-71.75083
3635,SUNDERLAND RD + SOUTHWEST PLAZA,42.240861,-71.748824
3636,SUNDERLAND RD + LAKE AVE,42.24103,-71.74872
3637,SUNDERLAND RD + ATLAS ST,42.24119,-71.75054
3638,SUNDERLAND RD OPP DANVERS,42.241542,-71.752509
3639,FOSTER ST + NORWICH ST,42.26459,-71.80046
3640,HARDING ST + ENDICOTT ST,42.250713,-71.800676
3642,HARDING ST + LAFAYETTE ST,42.252888,-71.799516
3643,ASHMONT AVE + HARDING ST,42.248387,-71.801706
3644,MILLBURY ST + ASHMONT AVE,42.24848,-71.80127
3646,MILLBURY ST + ENDICOTT ST,42.251178,-71.800108
3647,MILLBURY ST + LAFAYETTE ST,42.25295,-71.79904
4051,NORTH MAIN ST + DEWEY ST,42.198663,-71.770615
4052,NORTH MAIN ST + MARTIN ST,42.198062,-71.766998
4053,NORTH MAIN ST + HAMILTON ST,42.195655,-71.762903
4054,NORTH MAIN ST + GROVE ST,42.192393,-71.761035
4055,N MAIN AT GROVE ST,42.191745,-71.76075
4085,MAIN ST + ELM ST,42.1914,-71.760001
4086,NORTH MAIN ST + HAMILTON ST,42.195996,-71.76301
4087,NORTH MAIN ST + MARTIN ST,42.198139,-71.766743
4088,NORTH MAIN ST + DEWEY ST,42.19881,-71.770606
4505,BOSTON TRPK + QUINSIGAMOND AVE,42.27429,-71.75278
4510,BOSTON TRPK + WHITE CITY PLAZA,42.274598,-71.750142
4515,BOSTON TRPK + SVENSON RD,42.275091,-71.744341
4520,MAPLE AVE AT FAIRLAWN PLAZA,42.276379,-71.736644
4525,MAPLE AVE + COMMONWEALTH AVE,42.28273,-71.732746
4530,MAPLE AVE + OAK ST,42.285701,-71.727866
4535,MAPLE AVE + BRIGHTSIDE AVE,42.290938,-71.721461
4540,MAPLE AVE + MAIN ST,42.295953,-71.715945
4545,MAIN ST + GRAFTON ST,42.296636,-71.713395
4550,MAIN ST + SUMMER ST,42.296446,-71.709549
4555,MAIN ST + FRANCIS ST,42.296087,-71.706073
4560,MAIN ST + SOUTH ST,42.295525,-71.703553
4575,JULIO DR + SHREWSBURY COMMONS,42.292466,-71.704074
4580,SOUTH ST + MAIN ST,42.295158,-71.703301
4585,MAIN ST + HOLMAN ST,42.296228,-71.706303
4590,MAIN ST + JOB CUSHING RD,42.296587,-71.709882
4595,MAIN ST AT BOYLESTON ST,42.296727,-71.713819
4600,MAIN ST + MAPLE ST,42.29652,-71.714944
4605,MAPLE ST + BRIGHTSIDE AVE,42.290835,-71.72166
4610,MAPLE ST + OAK ST,42.285526,-71.728216
4615,MAPLE ST + VAN NESS AVE,42.282331,-71.733215
4620,MAPLE ST + FAIRLAWN PLAZA,42.276705,-71.736258
4625,BOSTON TRPK + HARRINGTON AVE,42.275243,-71.744873
4630,BOSTON TRPK + WHITE CITY,42.274726,-71.750993
4640,BOSTON TRPK + N. QUINSIGAMOND AVE,42.27456,-71.752518
5005,WEST BOYLSTON ST + CHAPMAN AVE,42.341753,-71.787963
5010,WEST BOYLSTON ST + 249 WEST BOYLSTON ST,42.345076,-71.78693
5025,WALMART WEST BOYLESTON,42.355471,-71.782878
5035,WEST BOYLSTON ST + WOODLAND ST,42.345051,-71.787073
5040,WEST BOYLSTON ST + 326 WEST BOYLSTON ST,42.341451,-71.78817
6050,PINEHURST AVE + OTIS ST,42.22323,-71.84719
6055,OXFORD ST NORTH + ROCHDALE ST,42.21817,-71.84543
6060,OXFORD ST NORTH + AUBURN ST,42.2147,-71.84604
6070,AUBURN ST + BRYN MAWR ST,42.21362,-71.84252
6090,AUBURN MALL,42.202323,-71.836423
6120,OXFORD ST NORTH + AUBURN ST,42.21479,-71.84587
6125,OXFORD ST NORTH + ROCHDALE ST,42.217851,-71.845346
6130,PINEHURST AVE + OTIS ST,42.22317,-71.84702
6140,SOUTHBRIDGE ST + ELMWOOD ST,42.228872,-71.820583
6145,SOUTHBRIDGE ST + SWORD ST,42.223076,-71.823496
6150,SOUTHBRIDGE ST + HAMPTON ST,42.21168,-71.828925
6155,SOUTHBRIDGE ST + AUBURN ST,42.206491,-71.833525
6160,SOUTHBRIDGE ST + SWANSON ST,42.203753,-71.836987
6170,SOUTHBRIDGE ST + JOHNSON ST,42.191828,-71.845041
6175,SOUTHBRIDGE ST + OXFORD ST,42.18865,-71.8495
6180,SOUTHBRIDGE ST + GOULDING ST,42.18327,-71.859935
6185,SOUTHBRIDGE ST + WEST ST,42.182633,-71.866626
6190,SOUTHBRIDGE ST + WEST ST,42.182825,-71.865463
6195,SOUTHBRIDGE ST + 711 SOUTHBRIDGE ST,42.183141,-71.860093
6200,SOUTHBRIDGE ST + OXFORD ST,42.188507,-71.849654
6205,SOUTHBRIDGE ST + 569 SOUTHBRIDGE ST,42.191591,-71.845099
6210,SOUTHBRIDGE ST + AUBURN ST,42.206838,-71.832956
6215,SOUTHBRIDGE ST + HAMPTON ST,42.211976,-71.828841
6220,SOUTHBRIDGE ST + SWORD ST,42.222964,-71.823448
6225,SOUTHBRIDGE ST + ELMWOOD ST,42.228473,-71.820658
6505,SOUTHBRIDGE ST + WALMART,42.172086,-71.880176
6510,SOUTHBRIDGE ST + LIECESTER ST,42.163218,-71.886541
6515,MAIN ST + OLD WORCESTER RD,42.150963,-71.872983
6520,MAIN ST + PLANTATION RD,42.145281,-71.865903
6525,MAIN ST + FEDERAL HILL,42.13743,-71.866563
6530,MAIN ST + SIGOURNE ST,42.118287,-71.864642
6540,MAIN ST + STATE ST,42.103995,-71.866911
6545,MAIN ST + SUNSET AVE,42.097073,-71.869233
6560,MAIN ST + HOLBROOK RD,42.097613,-71.868581
6565,MAIN ST + STATE ST,42.104026,-71.866801
6575,MAIN ST + SIGOURNE ST,42.11784,-71.864551
6580,MAIN ST + FEDERAL HILL,42.137286,-71.866356
6585,MAIN ST + PLANTATION RD,42.145616,-71.865935
6590,SOUTHBRIDGE ST + OLD WORCESTER RD,42.147928,-71.86909
6595,SOUTHBRIDGE ST + LIECESTER ST,42.163416,-71.886486
6600,MAIN ST + 742 MAIN ST,42.172023,-71.880128
7005,WORCESTER RD + 75 WORCESTER RD,42.070496,-71.866451
7010,WORCESTER RD + EAST MAIN ST,42.059848,-71.864511
7020,EAST MAIN ST + SLATER ST,42.057216,-71.870695
7025,EAST MAIN ST + DAY ST,42.05488,-71.876623
7030,DAVIS ST + MAIN ST,42.049176,-71.884827
7040,EAST MAIN ST + LAKE ST,42.050248,-71.879978
7045,EAST MAIN ST + DAY ST,42.054928,-71.876353
7055,EAST MAIN ST + PARK AVE,42.057526,-71.869581
7060,EAST MAIN ST + PARADIS LN,42.058465,-71.867261
7065,WORCESTER RD + 75 WORCESTER RD,42.070735,-71.86638
7505,MAIN ST + BOAT DEALERSHIP,42.242595,-71.86789
7510,MAIN ST + AUBURN ST,42.240211,-71.880645
7515,MAIN ST + HENSHAW ST,42.245477,-71.899449
7520,MAIN ST + LEICESTER CENTER,42.245591,-71.907521
7525,MAIN ST + 1530 MAIN ST,42.245565,-71.932371
7530,SOOJIANS DR + LEICESTER WALMART,42.249797,-71.936829
7535,MAIN ST + 1530 MAIN ST,42.245425,-71.93223
7540,MAIN ST + PINE ST,42.245492,-71.913418
7545,MAIN ST + LEICESTER CENTER,42.246011,-71.909024
7550,MAIN ST + HENSHAW ST,42.245476,-71.899167
7555,MAIN ST + AUBURN ST,42.240401,-71.87994
7560,MAIN ST + GERALD CT,42.242289,-71.867522
8005,MAIN ST + BOND ST,42.25648,-71.959196
8010,MAIN ST + DAVID PROUTY HIGH SCHOOL,42.251114,-71.977921
8015,MAIN ST + SPENCER TOWN HALL,42.244307,-71.992248
8020,MAIN ST + SPENCER CENTER,42.243935,-71.99528
8025,MEADOW RD + SPENCER FAIR,42.234791,-72.011743
8030,SPENCER DPW,42.237864,-72.009611
8035,MEADOW RD + MAIN ST,42.234505,-72.012036
8040,MAIN ST + SPENCER CENTER,42.243872,-71.994537
8045,MAIN ST + SPENCER TOWN HALL,42.244225,-71.992161
8050,MAIN ST + DAVID PROUTY HIGH SCHOOL,42.250893,-71.978175
8055,MAIN ST + BOND ST,42.256434,-71.959018
8060,MAIN ST + SPENCER FAIR,42.232836,-72.013776
8065,MAIN ST + SPENCER FAIR,42.233071,-72.01353
8510,COMMON ST + BROOKFIELD COMMON,42.214843,-72.100697
8520,CENTRAL ST + SOUTH MAPLE,42.214716,-72.096938
8705,MAIN ST + COURT HOUSE,42.231491,-72.030657
8710,MAIN ST + EAST BROOKFIELD CENTER,42.226431,-72.050283
8715,MAIN ST + ROUTE 67,42.225055,-72.057615
8725,MAIN ST + ROUTE 67,42.225048,-72.057296
8730,MAIN ST + EAST BROOKFIELD CENTER,42.2262,-72.05016
8735,MAIN ST + COURT HOUSE,42.23139,-72.030093
9003,WAVERLY ST + CORAL ST,42.25636,-71.79196
9004,MARKET BASKET,42.246594,-71.725581
9005,YMCA SHORE DR.,42.303766,-71.811202
9051,ELM ST + CHESTNUT ST,42.26515,-71.80449
9052,LINCOLN ST + ORIOL DR,42.29664,-71.76903
9053,ELM ST OPP HUDSON ST,42.266436,-71.817559
9054,21 TACOMA ST OPP EDWARD MK CHEALTH,42.302482,-71.765942
9055,PARK AVE + SAGAMORE ST,42.282333,-71.808537
9056,TACOMA ST + FREEDONWAY,42.30668,-71.77343
9057,69 TACOMA ST,42.30421,-71.76758
9058,PARK AVE + SAGAMORE ST,42.281907,-71.808676
9059,TACOMA ST +  EDWARD MK CHEALTH,42.302678,-71.766207
9060,HOLCOMBE ST + WOODFORD ST,42.24615,-71.79096
9061,GRANITE ST + HOLCOMBE ST,42.2468,-71.78893
9062,24 HOLCOMBE ST,42.24641,-71.78923
9063,HOLCOMBE ST + WABASH AVE,42.24635,-71.78977
9064,23 GRANITE ST,42.24707,-71.7893
9066,AUBURN ST + MCDONALDS,42.208443,-71.835481
9067,1351 PLEASANT ST,42.28149,-71.87623
9068,AUBURN ST + OPP BRYN MAWR AVE,42.21369,-71.84243
9070,MAIN ST + HITCHCOCK RD,42.24618,-71.82958
9072,MAIN ST + GRAND ST,42.25038,-71.82183
9073,204 AUBURN ST,42.21422,-71.84486
9074,SOUTHBRIDGE ST + MYRTLE ST,42.2595,-71.80357
9075,AUBURN ST OPP MCDONALD,42.20833,-71.83559
9077,GOLD STAR BLVD + WOODBURY ST,42.28817,-71.80516